Workbook
Name cFB: #REF!
Name cFB: #REF!
Name coCORE: #REF!
Name coCORE: #REF!
Name coSW1: #REF!
Name coSW1: #REF!
Name coSW2: #REF!
Name coSW2: #REF!
Name cSW250_: #REF!
Name cSW250_: #REF!
Name G3coSW2: #REF!
Name G3coSW2: #REF!

Sheet Summary
B2: Aquitic Invertebrate Data
B3: NCOS, COPR, and Vernal Pools
B4: 2018 -2019
B6: General: | C6: The TABS progress from the log entry order to being sorted by data type and NORMALIZED which is YELLOW. This is followed by progressions for SALINITY and SITE, eaching ending with a YELLOW summary tab. Finally, the 2018-2019 Shannon-Wiener tab is also YELLOW. This was mainly done to progressively get the data into a format facilitating semi-automatic graphing - thus introducing fewer errors.
B10: Sampling Protocols
B12: General: Samples were taken in, or as near as possible to, algae or other vegetation at a given site. This was due to the observation that invertebrates were significantly more abundant there (nominally, 30x more) than in open water. FB250 (Filtered Beaker, 250 micron mesh) was the prefered sampling technique as it allowed easier sampling within the algae and a more accurate determination of sample size.
B16: FB250 Using a 500ml cup, water was collected at varying levels up to a 50cm depth and placed into a 7.5 liter bucket. When full, the bucket was poured through the 250 micron filter. The contents of the filter were then washed into a 150ml vial using 70% isopropyl alcohol. To get the normalized population density in bugs/liter, one needs to divide the number of bugs by the 7.5 liter sample size.
B20: SW1 A D-shaped sweep net with a nominal face-area of 640 cm2 utilizing seven 'standard' sweeps of one-meter length or one continuous sweep of seven meters was used. If the net were fully submerged, then 448 liters would have been sampled. As it was often impossible to fully submerge the sweep net, due to the shallowness of the pool, there was no consistent volume of water sampled and, therefore, it is difficult to more than roughly estimate the normalized population density. In other words, if we collected twice as many bugs at site A than at Site B, was it because site A was twice as deep and therefore we sampled twice as much water than we did at site B or was the density of bugs at site A twice as high?
B26: CORE A five-centimeter diameter PVC pipe was pushed five centimeters into the benthic floor of the site and the soil removed as a plug, 0.091 liters in volume. This was then dissolved in a bucket of water by massaging it with our fingers. The resultant effluent was then poured through the 250 micron filter and the contents washed into a 150ml vial using 70% isopropyl alcohol. To get the normalized population density in bugs/liter, one needs to divide the number of bugs found by 0.091 (or multiply by 10.98).
B31: Site Names
R43: Note that on this representation the NCOS vernal pools
R44: are called NVP2 and NVP4 because the emphasis in on their being in NCOS
R45: In the representation below, the are called
R46: VNVP2 and VNVP4 as the emphasis is that they are Vernal Pools
R47: This was done to make it easier to sort them in Excel.
R48: In reality, it would have been better to also put a 'C' in front of the COPR sites as well.
Q64: Vernal Pool Locations

Sheet 2019 Data by Date
A1: Date | B1: Site | C1: Sample Type | E1: Ostracod | F1: Copepod | G1: Hemiptera: Corixidae (boatman) | H1: Cladocera | I1: Nematode | J1: Diptera - TOTAL | K1: Dipteran sp. | L1: Diptera: Chironomid | M1: Diptera: Ceratopogonidae | N1: Diptera: Culicidae | O1: Diptera: Ephydridae | P1: Diptera: Stratiomyidae | Q1: Amphipod | R1: Hemiptera TOTAL | S1: Hemiptera-Notonectidae | T1: Annelida TOTAL | U1: Annelida Sp. | V1: Annelida: Oligochaete | W1: Annelida: Polychaete | X1: Ephemeroptera Sp. | Y1: Odonate | Z1: Coleoptera - TOTAL | AA1: Coleoptera sp. | AB1: Coleoptera: Dytiscidae | AC1: Coleoptera: Dytiscidae: Liodessus affinis | AD1: Coleoptera: Dytiscidae: Agabus | AE1: Coleoptera: Dytiscidae: Colymbetinae | AF1: Coleoptera: Curculionidae (Weavil) | AG1: Coleoptera - Hydrophilidae | AH1: Coleoperta Hydraenidae | AI1: Coleoptera- Gyrindae- Gyrinini | AJ1: Tipulidae Larva | AK1: Arachnida: Acari (mite) | AL1: Trichoptera Sp. | AM1: Collembola (Springtail) | AN1: Gastropod - snail | AO1: Clam Shrimp | AP1: Total # | AR1: Date | AS1: Time | AT1: Site | AU1: WQ Measurement Depth (cm) | AV1: Sample Type | AW1: Dissolved Oxygen (mg/L) | AX1: Dissolved Oxygen (%) | AY1: Conductivity-specific (mS/cm) | AZ1: Salinity (ppt) | BA1: Temperature (C) | BB1: AtmosphPressure (mmHg) | BC1: pH | BD1: No. Tadpoles | BE1: No. Fish | BF1: Sampled Width (m) | BG1: Max Invertebrate Sampled Depth (m) | BH1: Comments
A2: 43489 | B2: MO1 | C2: FB250 | E2: 2 | F2: 2 | G2: 0 | H2: 1 | I2: 0 | J2: =P2+O2+N2+M2+L2+K2 -> 0 | K2: 0 | L2: 0 | M2: 0 | N2: 0 | O2: 0 | P2: 0 | Q2: 0 | R2: =G2+S2 -> 0 | S2: 0 | T2: =U2+V2+W2 -> 0 | U2: 0 | V2: 0 | W2: 0 | X2: 0 | Y2: 0 | Z2: =SUM(AA2:AI2) -> 0 | AA2: 0 | AB2: 0 | AC2: 0 | AD2: 0 | AE2: 0 | AF2: 0 | AG2: 0 | AH2: 0 | AI2: 0 | AJ2: 0 | AK2: 0 | AL2: 0 | AM2: 0 | AN2: 0 | AO2: 0 | AP2: =SUM(E2:AO2)-Z2-J2-T2-R2 -> 5 | AR2: 43489 | AS2: 0.51041667 | AT2: MO1 | AU2: 10 | AV2: YSI 2030 | AW2: 8.6 | AX2: 96.6 | AY2: 19.32 | AZ2: 23.2 | BA2: 16.3 | BB2: 764.7 | BC2: 8.2
A3: 43492 | B3: VWCB6 | C3: CORE | E3: 2 | F3: 0 | G3: 0 | H3: 0 | I3: 94 | J3: =P3+O3+N3+M3+L3+K3 -> 0 | K3: 0 | L3: 0 | M3: 0 | N3: 0 | O3: 0 | P3: 0 | Q3: 0 | R3: =G3+S3 -> 0 | S3: 0 | T3: =U3+V3+W3 -> 0 | U3: 0 | V3: 0 | W3: 0 | X3: 0 | Y3: 0 | Z3: =SUM(AA3:AI3) -> 0 | AA3: 0 | AB3: 0 | AC3: 0 | AD3: 0 | AE3: 0 | AF3: 0 | AG3: 0 | AH3: 0 | AI3: 0 | AJ3: 0 | AK3: 0 | AL3: 0 | AM3: 0 | AN3: 0 | AO3: 0 | AP3: =SUM(E3:AO3)-Z3-J3-T3-R3 -> 96 | AR3: 43492 | AS3: 0.60416667 | AT3: VWCB6 | AU3: 10 | AV3: YSI 2030 | AW3: 9.74 | AX3: 109.4 | AY3: 0.168 | AZ3: 0.1 | BA3: 21.2 | BB3: 762 | BC3: 8.32 | BD3: 13 | BE3: 0 | BF3: 14 | BG3: 0.33
A4: 43492 | B4: VWCB6 | C4: FB250 | E4: 43 | F4: 143 | G4: 0 | H4: 166 | I4: 0 | J4: =P4+O4+N4+M4+L4+K4 -> 2 | K4: 0 | L4: 2 | M4: 0 | N4: 0 | O4: 0 | P4: 0 | Q4: 0 | R4: =G4+S4 -> 0 | S4: 0 | T4: =U4+V4+W4 -> 0 | U4: 0 | V4: 0 | W4: 0 | X4: 0 | Y4: 0 | Z4: =SUM(AA4:AI4) -> 0 | AA4: 0 | AB4: 0 | AC4: 0 | AD4: 0 | AE4: 0 | AF4: 0 | AG4: 0 | AH4: 0 | AI4: 0 | AJ4: 0 | AK4: 0 | AL4: 0 | AM4: 0 | AN4: 0 | AO4: 0 | AP4: =SUM(E4:AO4)-Z4-J4-T4-R4 -> 354 | AR4: 43492 | AS4: 0.60416667 | AT4: VWCB6 | AU4: 10 | AV4: YSI 2030 | AW4: 9.74 | AX4: 109.4 | AY4: 0.168 | AZ4: 0.1 | BA4: 21.2 | BB4: 762 | BC4: 8.32 | BD4: 13 | BE4: 0 | BF4: 14 | BG4: 0.33
A5: 43492 | B5: VWCB6 | C5: SW1 | E5: 25 | F5: 10 | G5: 0 | H5: 571 | I5: 7 | J5: =P5+O5+N5+M5+L5+K5 -> 2 | K5: 0 | L5: 1 | M5: 1 | N5: 0 | O5: 0 | P5: 0 | Q5: 0 | R5: =G5+S5 -> 0 | S5: 0 | T5: =U5+V5+W5 -> 0 | U5: 0 | V5: 0 | W5: 0 | X5: 0 | Y5: 0 | Z5: =SUM(AA5:AI5) -> 0 | AA5: 0 | AB5: 0 | AC5: 0 | AD5: 0 | AE5: 0 | AF5: 0 | AG5: 0 | AH5: 0 | AI5: 0 | AJ5: 0 | AK5: 0 | AL5: 0 | AM5: 0 | AN5: 0 | AO5: 0 | AP5: =SUM(E5:AO5)-Z5-J5-T5-R5 -> 615 | AR5: 43492 | AS5: 0.60416667 | AT5: VWCB6 | AU5: 10 | AV5: YSI 2030 | AW5: 9.74 | AX5: 109.4 | AY5: 0.168 | AZ5: 0.1 | BA5: 21.2 | BB5: 762 | BC5: 8.32 | BD5: 13 | BE5: 0 | BF5: 14 | BG5: 0.33
A6: 43492 | B6: VDSN | C6: CORE | E6: 0 | F6: 0 | G6: 0 | H6: 1 | I6: 0 | J6: =P6+O6+N6+M6+L6+K6 -> 0 | K6: 0 | L6: 0 | M6: 0 | N6: 0 | O6: 0 | P6: 0 | Q6: 0 | R6: =G6+S6 -> 0 | S6: 0 | T6: =U6+V6+W6 -> 0 | U6: 0 | V6: 0 | W6: 0 | X6: 0 | Y6: 0 | Z6: =SUM(AA6:AI6) -> 0 | AA6: 0 | AB6: 0 | AC6: 0 | AD6: 0 | AE6: 0 | AF6: 0 | AG6: 0 | AH6: 0 | AI6: 0 | AJ6: 0 | AK6: 0 | AL6: 0 | AM6: 0 | AN6: 0 | AO6: 0 | AP6: =SUM(E6:AO6)-Z6-J6-T6-R6 -> 1 | AR6: 43492 | AS6: 0.65972222 | AT6: VDSN | AU6: 10 | AV6: YSI 2030 | AW6: 15.76 | AX6: 182.8 | AY6: 0.2043 | AZ6: 0.1 | BA6: 22.7 | BB6: 762.8 | BC6: 7.91 | BD6: 20 | BE6: 0 | BF6: 12.1 | BG6: 0.15
A7: 43492 | B7: VDSN | C7: FB250 | E7: 132 | F7: 1666 | G7: 0 | H7: 532 | I7: 11 | J7: =P7+O7+N7+M7+L7+K7 -> 0 | K7: 0 | L7: 0 | M7: 0 | N7: 0 | O7: 0 | P7: 0 | Q7: 0 | R7: =G7+S7 -> 0 | S7: 0 | T7: =U7+V7+W7 -> 0 | U7: 0 | V7: 0 | W7: 0 | X7: 0 | Y7: 0 | Z7: =SUM(AA7:AI7) -> 0 | AA7: 0 | AB7: 0 | AC7: 0 | AD7: 0 | AE7: 0 | AF7: 0 | AG7: 0 | AH7: 0 | AI7: 0 | AJ7: 0 | AK7: 0 | AL7: 1 | AM7: 0 | AN7: 0 | AO7: 0 | AP7: =SUM(E7:AO7)-Z7-J7-T7-R7 -> 2342 | AR7: 43492 | AS7: 0.65972222 | AT7: VDSN | AU7: 10 | AV7: YSI 2030 | AW7: 15.76 | AX7: 182.8 | AY7: 0.2043 | AZ7: 0.1 | BA7: 22.7 | BB7: 762.8 | BC7: 7.91 | BD7: 20 | BE7: 0 | BF7: 12.1 | BG7: 0.15
A8: 43492 | B8: VDSN | C8: SW1 | E8: 0 | F8: 1 | G8: 0 | H8: 44 | I8: 1 | J8: =P8+O8+N8+M8+L8+K8 -> 1 | K8: 0 | L8: 0 | M8: 1 | N8: 0 | O8: 0 | P8: 0 | Q8: 0 | R8: =G8+S8 -> 0 | S8: 0 | T8: =U8+V8+W8 -> 0 | U8: 0 | V8: 0 | W8: 0 | X8: 0 | Y8: 0 | Z8: =SUM(AA8:AI8) -> 0 | AA8: 0 | AB8: 0 | AC8: 0 | AD8: 0 | AE8: 0 | AF8: 0 | AG8: 0 | AH8: 0 | AI8: 0 | AJ8: 0 | AK8: 0 | AL8: 0 | AM8: 0 | AN8: 0 | AO8: 0 | AP8: =SUM(E8:AO8)-Z8-J8-T8-R8 -> 47 | AR8: 43492 | AS8: 0.65972222 | AT8: VDSN | AU8: 10 | AV8: YSI 2030 | AW8: 15.76 | AX8: 182.8 | AY8: 0.2043 | AZ8: 0.1 | BA8: 22.7 | BB8: 762.8 | BC8: 7.91 | BD8: 20 | BE8: 0 | BF8: 12.1 | BG8: 0.15
A9: 43493 | B9: VP1 | C9: CORE | E9: 0 | F9: 0 | G9: 0 | H9: 0 | I9: 0 | J9: =P9+O9+N9+M9+L9+K9 -> 0 | K9: 0 | L9: 0 | M9: 0 | N9: 0 | O9: 0 | P9: 0 | Q9: 0 | R9: =G9+S9 -> 0 | S9: 0 | T9: =U9+V9+W9 -> 0 | U9: 0 | V9: 0 | W9: 0 | X9: 0 | Y9: 0 | Z9: =SUM(AA9:AI9) -> 0 | AA9: 0 | AB9: 0 | AC9: 0 | AD9: 0 | AE9: 0 | AF9: 0 | AG9: 0 | AH9: 0 | AI9: 0 | AJ9: 0 | AK9: 0 | AL9: 0 | AM9: 1 | AN9: 0 | AO9: 0 | AP9: =SUM(E9:AO9)-Z9-J9-T9-R9 -> 1 | AR9: 43493 | AS9: 0.63541667 | AT9: CVP1 | AU9: 10 | AV9: YSI 2030 | AW9: 13.9 | AX9: 150 | AY9: 0.095 | AZ9: 0 | BA9: 18.8 | BB9: 760.8 | BC9: 9 | BD9: 74 | BE9: 0 | BF9: 13 | BG9: 0.33
A10: 43493 | B10: VP1 | C10: FB250 | E10: 6 | F10: 293 | G10: 0 | H10: 7 | I10: 2 | J10: =P10+O10+N10+M10+L10+K10 -> 0 | K10: 0 | L10: 0 | M10: 0 | N10: 0 | O10: 0 | P10: 0 | Q10: 0 | R10: =G10+S10 -> 0 | S10: 0 | T10: =U10+V10+W10 -> 0 | U10: 0 | V10: 0 | W10: 0 | X10: 0 | Y10: 0 | Z10: =SUM(AA10:AI10) -> 1 | AA10: 0 | AB10: 0 | AC10: 0 | AD10: 0 | AE10: 0 | AF10: 0 | AG10: 1 | AH10: 0 | AI10: 0 | AJ10: 0 | AK10: 3 | AL10: 0 | AM10: 0 | AN10: 0 | AO10: 0 | AP10: =SUM(E10:AO10)-Z10-J10-T10-R10 -> 312 | AR10: 43493 | AS10: 0.63541667 | AT10: CVP1 | AU10: 10 | AV10: YSI 2030 | AW10: 13.9 | AX10: 150 | AY10: 0.095 | AZ10: 0 | BA10: 18.8 | BB10: 760.8 | BC10: 9 | BD10: 74 | BE10: 0 | BF10: 13 | BG10: 0.33
A11: 43493 | B11: VP1 | C11: SW1 | E11: 116 | F11: 23 | G11: 0 | H11: 6 | I11: 3 | J11: =P11+O11+N11+M11+L11+K11 -> 0 | K11: 0 | L11: 0 | M11: 0 | N11: 0 | O11: 0 | P11: 0 | Q11: 0 | R11: =G11+S11 -> 0 | S11: 0 | T11: =U11+V11+W11 -> 0 | U11: 0 | V11: 0 | W11: 0 | X11: 0 | Y11: 0 | Z11: =SUM(AA11:AI11) -> 0 | AA11: 0 | AB11: 0 | AC11: 0 | AD11: 0 | AE11: 0 | AF11: 0 | AG11: 0 | AH11: 0 | AI11: 0 | AJ11: 0 | AK11: 1 | AL11: 0 | AM11: 11 | AN11: 0 | AO11: 0 | AP11: =SUM(E11:AO11)-Z11-J11-T11-R11 -> 160 | AR11: 43493 | AS11: 0.63541667 | AT11: CVP1 | AU11: 10 | AV11: YSI 2030 | AW11: 13.9 | AX11: 150 | AY11: 0.095 | AZ11: 0 | BA11: 18.8 | BB11: 760.8 | BC11: 9 | BD11: 74 | BE11: 0 | BF11: 13 | BG11: 0.33
A12: 43493 | B12: CUL1 | C12: FB250 | E12: 86 | F12: 141 | G12: 68 | H12: 0 | I12: 0 | J12: =P12+O12+N12+M12+L12+K12 -> 7 | K12: 0 | L12: 0 | M12: 6 | N12: 0 | O12: 0 | P12: 1 | Q12: 0 | R12: =G12+S12 -> 68 | S12: 0 | T12: =U12+V12+W12 -> 0 | U12: 0 | V12: 0 | W12: 0 | X12: 0 | Y12: 0 | Z12: =SUM(AA12:AI12) -> 0 | AA12: 0 | AB12: 0 | AC12: 0 | AD12: 0 | AE12: 0 | AF12: 0 | AG12: 0 | AH12: 0 | AI12: 0 | AJ12: 0 | AK12: 4 | AL12: 0 | AM12: 2 | AN12: 0 | AO12: 0 | AP12: =SUM(E12:AO12)-Z12-J12-T12-R12 -> 308 | AR12: 43493 | AS12: 0.54861111 | AT12: CUL 1 | AU12: 10 | AV12: YSI 2030 | AW12: 0.1 | AX12: 1 | AY12: 22.6 | AZ12: 14 | BA12: 13 | BB12: 761.9 | BC12: 7.38 | BD12: 0 | BE12: 0 | BF12: 1 | BG12: 0.3
A13: 43495 | B13: VNVP4 | C13: CORE | E13: 1 | F13: 0 | G13: 0 | H13: 9 | I13: 0 | J13: =P13+O13+N13+M13+L13+K13 -> 7 | K13: 0 | L13: 7 | M13: 0 | N13: 0 | O13: 0 | P13: 0 | Q13: 0 | R13: =G13+S13 -> 0 | S13: 0 | T13: =U13+V13+W13 -> 0 | U13: 0 | V13: 0 | W13: 0 | X13: 0 | Y13: 0 | Z13: =SUM(AA13:AI13) -> 0 | AA13: 0 | AB13: 0 | AC13: 0 | AD13: 0 | AE13: 0 | AF13: 0 | AG13: 0 | AH13: 0 | AI13: 0 | AJ13: 0 | AK13: 0 | AL13: 0 | AM13: 0 | AN13: 0 | AO13: 0 | AP13: =SUM(E13:AO13)-Z13-J13-T13-R13 -> 17 | AR13: 43495 | AS13: 0.47916667 | AT13: NVP4 | AU13: 10 | AV13: YSI 2030 | AW13: 8.181 | AX13: 86.5 | AY13: 0.32 | AZ13: 0.2 | BA13: 18 | BB13: 760 | BC13: 8.51 | BD13: 3 | BE13: 0 | BF13: 17 | BG13: 0.3
A14: 43495 | B14: VNVP4 | C14: FB250 | E14: 2 | F14: 7 | G14: 0 | H14: 136 | I14: 0 | J14: =P14+O14+N14+M14+L14+K14 -> 7 | K14: 0 | L14: 0 | M14: 7 | N14: 0 | O14: 0 | P14: 0 | Q14: 0 | R14: =G14+S14 -> 0 | S14: 0 | T14: =U14+V14+W14 -> 0 | U14: 0 | V14: 0 | W14: 0 | X14: 0 | Y14: 0 | Z14: =SUM(AA14:AI14) -> 0 | AA14: 0 | AB14: 0 | AC14: 0 | AD14: 0 | AE14: 0 | AF14: 0 | AG14: 0 | AH14: 0 | AI14: 0 | AJ14: 0 | AK14: 0 | AL14: 0 | AM14: 0 | AN14: 0 | AO14: 0 | AP14: =SUM(E14:AO14)-Z14-J14-T14-R14 -> 152 | AR14: 43495 | AS14: 0.47916667 | AT14: NVP4 | AU14: 10 | AV14: YSI 2030 | AW14: 8.181 | AX14: 86.5 | AY14: 0.32 | AZ14: 0.2 | BA14: 18 | BB14: 760 | BC14: 8.51 | BD14: 3 | BE14: 0 | BF14: 17 | BG14: 0.3
A15: 43495 | B15: VNVP4 | C15: SW1 | E15: 133 | F15: 0 | G15: 0 | H15: 1881 | I15: 0 | J15: =P15+O15+N15+M15+L15+K15 -> 12 | K15: 0 | L15: 12 | M15: 0 | N15: 0 | O15: 0 | P15: 0 | Q15: 0 | R15: =G15+S15 -> 0 | S15: 0 | T15: =U15+V15+W15 -> 0 | U15: 0 | V15: 0 | W15: 0 | X15: 0 | Y15: 0 | Z15: =SUM(AA15:AI15) -> 0 | AA15: 0 | AB15: 0 | AC15: 0 | AD15: 0 | AE15: 0 | AF15: 0 | AG15: 0 | AH15: 0 | AI15: 0 | AJ15: 0 | AK15: 0 | AL15: 0 | AM15: 0 | AN15: 0 | AO15: 0 | AP15: =SUM(E15:AO15)-Z15-J15-T15-R15 -> 2026 | AR15: 43495 | AS15: 0.47916667 | AT15: NVP4 | AU15: 10 | AV15: YSI 2030 | AW15: 8.181 | AX15: 86.5 | AY15: 0.32 | AZ15: 0.2 | BA15: 18 | BB15: 760 | BC15: 8.51 | BD15: 3 | BE15: 0 | BF15: 17 | BG15: 0.3
A16: 43502 | B16: DSP | C16: FB250 | E16: 324 | F16: 15 | G16: 0 | H16: 0 | I16: 0 | J16: =P16+O16+N16+M16+L16+K16 -> 10 | K16: 0 | L16: 7 | M16: 0 | N16: 3 | O16: 0 | P16: 0 | Q16: 0 | R16: =G16+S16 -> 0 | S16: 0 | T16: =U16+V16+W16 -> 0 | U16: 0 | V16: 0 | W16: 0 | X16: 0 | Y16: 0 | Z16: =SUM(AA16:AI16) -> 0 | AA16: 0 | AB16: 0 | AC16: 0 | AD16: 0 | AE16: 0 | AF16: 0 | AG16: 0 | AH16: 0 | AI16: 0 | AJ16: 0 | AK16: 0 | AL16: 0 | AM16: 3 | AN16: 0 | AO16: 0 | AP16: =SUM(E16:AO16)-Z16-J16-T16-R16 -> 352 | AR16: 6-Feb-19 | AS16: 11:30 | AT16: DSP | AU16: 10 | AV16: YSI 2030 | AW16: 7.46 | AX16: 69.1 | AY16: 0 | AZ16: 0 | BA16: 12 | BB16: 766 | BC16: 7.2 | BD16: 0 | BE16: 0 | BF16: 2 | BG16: 1
A17: 43502 | B17: DSP | C17: SW1 | E17: 6 | F17: 1 | G17: 0 | H17: 2 | I17: 0 | J17: =P17+O17+N17+M17+L17+K17 -> 27 | K17: 0 | L17: 0 | M17: 4 | N17: 23 | O17: 0 | P17: 0 | Q17: 0 | R17: =G17+S17 -> 0 | S17: 0 | T17: =U17+V17+W17 -> 2 | U17: 0 | V17: 2 | W17: 0 | X17: 0 | Y17: 0 | Z17: =SUM(AA17:AI17) -> 0 | AA17: 0 | AB17: 0 | AC17: 0 | AD17: 0 | AE17: 0 | AF17: 0 | AG17: 0 | AH17: 0 | AI17: 0 | AJ17: 0 | AK17: 0 | AL17: 0 | AM17: 0 | AN17: 0 | AO17: 0 | AP17: =SUM(E17:AO17)-Z17-J17-T17-R17 -> 38 | AR17: 6-Feb-19 | AS17: 11:30 | AT17: DSP | AU17: 10 | AV17: YSI 2030 | AW17: 7.46 | AX17: 69.1 | AY17: 0 | AZ17: 0 | BA17: 12 | BB17: 766 | BC17: 7.2 | BD17: 0 | BE17: 0 | BF17: 2 | BG17: 1
A18: 43502 | B18: NEC | C18: FB250 | E18: 30 | F18: 34 | G18: 2 | H18: 26 | I18: 0 | J18: =P18+O18+N18+M18+L18+K18 -> 0 | K18: 0 | L18: 0 | M18: 0 | N18: 0 | O18: 0 | P18: 0 | Q18: 0 | R18: =G18+S18 -> 2 | S18: 0 | T18: =U18+V18+W18 -> 0 | U18: 0 | V18: 0 | W18: 0 | X18: 0 | Y18: 0 | Z18: =SUM(AA18:AI18) -> 0 | AA18: 0 | AB18: 0 | AC18: 0 | AD18: 0 | AE18: 0 | AF18: 0 | AG18: 0 | AH18: 0 | AI18: 0 | AJ18: 0 | AK18: 0 | AL18: 0 | AM18: 9 | AN18: 0 | AO18: 0 | AP18: =SUM(E18:AO18)-Z18-J18-T18-R18 -> 101 | AR18: 6-Feb-19 | AS18: 13:35 | AT18: NEC | AU18: 10 | AV18: YSI 2030 | AW18: 12.08 | AX18: 118.7 | AY18: 1.51 | AZ18: 0.8 | BA18: 14.2 | BB18: 765.4 | BC18: 7.49 | BD18: - | BE18: - | BF18: - | BG18: -
A19: 43502 | B19: NMC | C19: FB250 | E19: 10 | F19: 290 | G19: 4 | H19: 5 | I19: 0 | J19: =P19+O19+N19+M19+L19+K19 -> 0 | K19: 0 | L19: 0 | M19: 0 | N19: 0 | O19: 0 | P19: 0 | Q19: 0 | R19: =G19+S19 -> 4 | S19: 0 | T19: =U19+V19+W19 -> 0 | U19: 0 | V19: 0 | W19: 0 | X19: 0 | Y19: 0 | Z19: =SUM(AA19:AI19) -> 0 | AA19: 0 | AB19: 0 | AC19: 0 | AD19: 0 | AE19: 0 | AF19: 0 | AG19: 0 | AH19: 0 | AI19: 0 | AJ19: 0 | AK19: 0 | AL19: 0 | AM19: 0 | AN19: 0 | AO19: 0 | AP19: =SUM(E19:AO19)-Z19-J19-T19-R19 -> 309 | AR19: 6-Feb-19 | AS19: 14:00 | AT19: NMC | AU19: 10 | AV19: YSI 2030 | AW19: 11.67 | AX19: 112.6 | AY19: 0 | AZ19: 0 | BA19: 13.3 | BB19: 765.3 | BC19: 7.32 | BD19: - | BE19: - | BF19: - | BG19: -
A20: 43502 | B20: NVBR | C20: FB250 | E20: 2 | F20: 0 | G20: 0 | H20: 6 | I20: 0 | J20: =P20+O20+N20+M20+L20+K20 -> 0 | K20: 0 | L20: 0 | M20: 0 | N20: 0 | O20: 0 | P20: 0 | Q20: 1 | R20: =G20+S20 -> 0 | S20: 0 | T20: =U20+V20+W20 -> 0 | U20: 0 | V20: 0 | W20: 0 | X20: 0 | Y20: 0 | Z20: =SUM(AA20:AI20) -> 0 | AA20: 0 | AB20: 0 | AC20: 0 | AD20: 0 | AE20: 0 | AF20: 0 | AG20: 0 | AH20: 0 | AI20: 0 | AJ20: 0 | AK20: 0 | AL20: 0 | AM20: 0 | AN20: 0 | AO20: 0 | AP20: =SUM(E20:AO20)-Z20-J20-T20-R20 -> 9 | AR20: 6-Feb-19 | AS20: 13:10 | AT20: NVBR | AU20: 10 | AV20: YSI 2030 | AW20: 13.05 | AX20: 130.4 | AY20: 0 | AZ20: 0 | BA20: 14.4 | BB20: 765.8 | BC20: 7.62 | BD20: - | BE20: - | BF20: - | BG20: -
A21: 43502 | B21: VBR1 | C21: FB250 | E21: 2 | F21: 4 | G21: 0 | H21: 0 | I21: 0 | J21: =P21+O21+N21+M21+L21+K21 -> 0 | K21: 0 | L21: 0 | M21: 0 | N21: 0 | O21: 0 | P21: 0 | Q21: 0 | R21: =G21+S21 -> 0 | S21: 0 | T21: =U21+V21+W21 -> 0 | U21: 0 | V21: 0 | W21: 0 | X21: 0 | Y21: 0 | Z21: =SUM(AA21:AI21) -> 0 | AA21: 0 | AB21: 0 | AC21: 0 | AD21: 0 | AE21: 0 | AF21: 0 | AG21: 0 | AH21: 0 | AI21: 0 | AJ21: 0 | AK21: 0 | AL21: 0 | AM21: 0 | AN21: 0 | AO21: 0 | AP21: =SUM(E21:AO21)-Z21-J21-T21-R21 -> 6 | AR21: 6-Feb-19 | AS21: 13:00 | AT21: VBR1 | AU21: 10 | AV21: YSI 2030 | AW21: 11.24 | AX21: 105 | AY21: 0.0975 | AZ21: 0 | BA21: 12.5 | BB21: 765.2 | BC21: 7.27 | BD21: - | BE21: - | BF21: - | BG21: -
A22: 43503 | B22: VNVP2 | C22: CORE | E22: 7 | F22: 0 | G22: 0 | H22: 40 | I22: 0 | J22: =P22+O22+N22+M22+L22+K22 -> 6 | K22: 0 | L22: 6 | M22: 0 | N22: 0 | O22: 0 | P22: 0 | Q22: 0 | R22: =G22+S22 -> 0 | S22: 0 | T22: =U22+V22+W22 -> 0 | U22: 0 | V22: 0 | W22: 0 | X22: 0 | Y22: 0 | Z22: =SUM(AA22:AI22) -> 1 | AA22: 0 | AB22: 1 | AC22: 0 | AD22: 0 | AE22: 0 | AF22: 0 | AG22: 0 | AH22: 0 | AI22: 0 | AJ22: 0 | AK22: 0 | AL22: 0 | AM22: 0 | AN22: 0 | AO22: 0 | AP22: =SUM(E22:AO22)-Z22-J22-T22-R22 -> 54 | AR22: 7-Feb-19 | AS22: 11:50 | AT22: NVP2 | AU22: 10 | AV22: YSI 2030 | AW22: 10.3 | AX22: 101 | AY22: 0.39 | AZ22: 0.2 | BA22: 15.3 | BB22: 768.7 | BC22: 7.6 | BD22: 1 | BE22: - | BF22: 32 | BG22: 0.5
A23: 43503 | B23: VNVP2 | C23: FB250 | E23: 229 | F23: 13 | G23: 0 | H23: 2834 | I23: 1 | J23: =P23+O23+N23+M23+L23+K23 -> 22 | K23: 0 | L23: 22 | M23: 0 | N23: 0 | O23: 0 | P23: 0 | Q23: 0 | R23: =G23+S23 -> 0 | S23: 0 | T23: =U23+V23+W23 -> 0 | U23: 0 | V23: 0 | W23: 0 | X23: 0 | Y23: 0 | Z23: =SUM(AA23:AI23) -> 0 | AA23: 0 | AB23: 0 | AC23: 0 | AD23: 0 | AE23: 0 | AF23: 0 | AG23: 0 | AH23: 0 | AI23: 0 | AJ23: 0 | AK23: 0 | AL23: 0 | AM23: 1 | AN23: 0 | AO23: 0 | AP23: =SUM(E23:AO23)-Z23-J23-T23-R23 -> 3100 | AR23: 7-Feb-19 | AS23: 11:50 | AT23: NVP2 | AU23: 10 | AV23: YSI 2030 | AW23: 10.3 | AX23: 101 | AY23: 0.39 | AZ23: 0.2 | BA23: 15.3 | BB23: 768.7 | BC23: 7.6 | BD23: 1 | BE23: - | BF23: 32 | BG23: 0.5
A24: 43503 | B24: VNVP2 | C24: SW1 | E24: 190 | F24: 0 | G24: 0 | H24: 760 | I24: 0 | J24: =P24+O24+N24+M24+L24+K24 -> 0 | K24: 0 | L24: 0 | M24: 0 | N24: 0 | O24: 0 | P24: 0 | Q24: 0 | R24: =G24+S24 -> 0 | S24: 0 | T24: =U24+V24+W24 -> 0 | U24: 0 | V24: 0 | W24: 0 | X24: 0 | Y24: 0 | Z24: =SUM(AA24:AI24) -> 0 | AA24: 0 | AB24: 0 | AC24: 0 | AD24: 0 | AE24: 0 | AF24: 0 | AG24: 0 | AH24: 0 | AI24: 0 | AJ24: 0 | AK24: 0 | AL24: 0 | AM24: 0 | AN24: 0 | AO24: 0 | AP24: =SUM(E24:AO24)-Z24-J24-T24-R24 -> 950 | AR24: 7-Feb-19 | AS24: 11:50 | AT24: NVP2 | AU24: 10 | AV24: YSI 2030 | AW24: 10.3 | AX24: 101 | AY24: 0.39 | AZ24: 0.2 | BA24: 15.3 | BB24: 768.7 | BC24: 7.6 | BD24: 1 | BE24: - | BF24: 32 | BG24: 0.5
A25: 43504 | B25: VNVP10 | C25: CORE | E25: 1 | F25: 1 | G25: 0 | H25: 3 | I25: 1 | J25: =P25+O25+N25+M25+L25+K25 -> 5 | K25: 0 | L25: 5 | M25: 0 | N25: 0 | O25: 0 | P25: 0 | Q25: 0 | R25: =G25+S25 -> 0 | S25: 0 | T25: =U25+V25+W25 -> 0 | U25: 0 | V25: 0 | W25: 0 | X25: 0 | Y25: 0 | Z25: =SUM(AA25:AI25) -> 0 | AA25: 0 | AC25: 0 | AD25: 0 | AE25: 0 | AF25: 0 | AG25: 0 | AH25: 0 | AI25: 0 | AJ25: 0 | AK25: 0 | AL25: 0 | AM25: 0 | AN25: 0 | AP25: =SUM(E25:AO25)-Z25-J25-T25-R25 -> 11 | AR25: 8-Feb-19 | AS25: 14:10 | AT25: NVP10 | AU25: 10 | AV25: YSI 2030 | AW25: 8.79 | AX25: 95.8 | AY25: 0.0755 | AZ25: 0 | BA25: 19.5 | BB25: 762.6 | BC25: 7.5 | BD25: 18 | BE25: 0 | BF25: 13 | BG25: 0.28
A26: 43504 | B26: VNVP10 | C26: FB250 | E26: 75 | F26: 189 | G26: 0 | H26: 740 | I26: 0 | J26: =P26+O26+N26+M26+L26+K26 -> 0 | K26: 0 | L26: 0 | M26: 0 | N26: 0 | O26: 0 | P26: 0 | Q26: 0 | R26: =G26+S26 -> 0 | S26: 0 | T26: =U26+V26+W26 -> 0 | U26: 0 | V26: 0 | W26: 0 | X26: 0 | Y26: 0 | Z26: =SUM(AA26:AI26) -> 0 | AA26: 0 | AB26: 0 | AC26: 0 | AD26: 0 | AE26: 0 | AF26: 0 | AG26: 0 | AH26: 0 | AI26: 0 | AJ26: 0 | AK26: 0 | AL26: 0 | AM26: 0 | AN26: 0 | AO26: 0 | AP26: =SUM(E26:AO26)-Z26-J26-T26-R26 -> 1004 | AR26: 8-Feb-19 | AS26: 14:10 | AT26: NVP10 | AU26: 10 | AV26: YSI 2030 | AW26: 8.79 | AX26: 95.8 | AY26: 0.0755 | AZ26: 0 | BA26: 19.5 | BB26: 762.6 | BC26: 7.5 | BD26: 18 | BE26: 0 | BF26: 13 | BG26: 0.28
A27: 43504 | B27: VNVP10 | C27: SW1 | E27: 682 | F27: 2 | G27: 0 | H27: 288 | I27: 0 | J27: =P27+O27+N27+M27+L27+K27 -> 1 | K27: 1 | L27: 0 | M27: 0 | N27: 0 | O27: 0 | P27: 0 | Q27: 0 | R27: =G27+S27 -> 0 | S27: 0 | T27: =U27+V27+W27 -> 0 | U27: 0 | V27: 0 | W27: 0 | X27: 0 | Y27: 0 | Z27: =SUM(AA27:AI27) -> 3 | AA27: 0 | AB27: 0 | AC27: 1 | AD27: 0 | AE27: 1 | AF27: 1 | AG27: 0 | AH27: 0 | AI27: 0 | AJ27: 0 | AK27: 0 | AL27: 0 | AM27: 0 | AN27: 0 | AO27: 0 | AP27: =SUM(E27:AO27)-Z27-J27-T27-R27 -> 976 | AR27: 8-Feb-19 | AS27: 14:10 | AT27: NVP10 | AU27: 10 | AV27: YSI 2030 | AW27: 8.79 | AX27: 95.8 | AY27: 0.0755 | AZ27: 0 | BA27: 19.5 | BB27: 762.6 | BC27: 7.5 | BD27: 18 | BE27: 0 | BF27: 13 | BG27: 0.28
A28: 43507 | B28: VCC7 | C28: CORE | E28: 0 | F28: 0 | G28: 0 | H28: 4 | I28: 2 | J28: =P28+O28+N28+M28+L28+K28 -> 0 | K28: 0 | L28: 0 | M28: 0 | N28: 0 | O28: 0 | P28: 0 | Q28: 0 | R28: =G28+S28 -> 0 | S28: 0 | T28: =U28+V28+W28 -> 2 | U28: 0 | V28: 2 | W28: 0 | X28: 0 | Y28: 0 | Z28: =SUM(AA28:AI28) -> 0 | AA28: 0 | AB28: 0 | AC28: 0 | AD28: 0 | AE28: 0 | AF28: 0 | AG28: 0 | AH28: 0 | AI28: 0 | AJ28: 0 | AK28: 0 | AL28: 0 | AM28: 0 | AN28: 0 | AO28: 0 | AP28: =SUM(E28:AO28)-Z28-J28-T28-R28 -> 8 | AR28: 11-Feb-19 | AS28: 15:35 | AT28: VM7 | AU28: 10 | AV28: YSI 2030 | AW28: 15.87 | AX28: 168.3 | AY28: 0.158 | AZ28: 0.1 | BA28: 18.2 | BB28: 764.7 | BC28: 8.8 | BD28: 7 | BE28: - | BF28: 8 | BG28: 0.27
A29: 43507 | B29: VCC7 | C29: FB250 | E29: 19 | F29: 52 | G29: 0 | H29: 195 | I29: 0 | J29: =P29+O29+N29+M29+L29+K29 -> 0 | K29: 0 | L29: 0 | M29: 0 | N29: 0 | O29: 0 | P29: 0 | Q29: 0 | R29: =G29+S29 -> 0 | S29: 0 | T29: =U29+V29+W29 -> 0 | U29: 0 | V29: 0 | W29: 0 | X29: 0 | Y29: 0 | Z29: =SUM(AA29:AI29) -> 0 | AA29: 0 | AB29: 0 | AC29: 0 | AD29: 0 | AE29: 0 | AF29: 0 | AG29: 0 | AH29: 0 | AI29: 0 | AJ29: 0 | AK29: 0 | AL29: 0 | AM29: 0 | AN29: 0 | AO29: 0 | AP29: =SUM(E29:AO29)-Z29-J29-T29-R29 -> 266 | AR29: 11-Feb-19 | AS29: 15:35 | AT29: VM7 | AU29: 10 | AV29: YSI 2030 | AW29: 15.87 | AX29: 168.3 | AY29: 0.158 | AZ29: 0.1 | BA29: 18.2 | BB29: 764.7 | BC29: 8.8 | BD29: 7 | BE29: - | BF29: 8 | BG29: 0.27
A30: 43507 | B30: VCC7 | C30: SW1 | E30: 710 | F30: 485 | G30: 1 | H30: 0 | I30: 0 | J30: =P30+O30+N30+M30+L30+K30 -> 2 | K30: 0 | L30: 2 | M30: 0 | N30: 0 | O30: 0 | P30: 0 | Q30: 0 | R30: =G30+S30 -> 1 | S30: 0 | T30: =U30+V30+W30 -> 0 | U30: 0 | V30: 0 | W30: 0 | X30: 0 | Y30: 0 | Z30: =SUM(AA30:AI30) -> 4 | AA30: 0 | AB30: 0 | AC30: 0 | AD30: 4 | AE30: 0 | AF30: 0 | AG30: 0 | AH30: 0 | AI30: 0 | AJ30: 0 | AK30: 4 | AL30: 0 | AM30: 0 | AN30: 0 | AO30: 0 | AP30: =SUM(E30:AO30)-Z30-J30-T30-R30 -> 1206 | AR30: 11-Feb-19 | AS30: 15:35 | AT30: VM7 | AU30: 10 | AV30: YSI 2030 | AW30: 15.87 | AX30: 168.3 | AY30: 0.158 | AZ30: 0.1 | BA30: 18.2 | BB30: 764.7 | BC30: 8.8 | BD30: 7 | BE30: - | BF30: 8 | BG30: 0.27
A31: 43507 | B31: VM7 | C31: CORE | E31: 4 | F31: 0 | G31: 0 | H31: 16 | I31: 0 | J31: =P31+O31+N31+M31+L31+K31 -> 0 | K31: 0 | L31: 0 | M31: 0 | N31: 0 | O31: 0 | P31: 0 | Q31: 0 | R31: =G31+S31 -> 0 | S31: 0 | T31: =U31+V31+W31 -> 0 | U31: 0 | V31: 0 | W31: 0 | X31: 0 | Y31: 0 | Z31: =SUM(AA31:AI31) -> 0 | AA31: 0 | AB31: 0 | AC31: 0 | AD31: 0 | AE31: 0 | AF31: 0 | AG31: 0 | AH31: 0 | AI31: 0 | AJ31: 0 | AK31: 0 | AL31: 0 | AM31: 3 | AN31: 0 | AO31: 0 | AP31: =SUM(E31:AO31)-Z31-J31-T31-R31 -> 23 | AR31: 11-Feb-19 | AS31: 15:35 | AT31: VM7 | AU31: 10 | AV31: YSI 2030 | AW31: 15.87 | AX31: 168.3 | AY31: 0.158 | AZ31: 0.1 | BA31: 18.2 | BB31: 764.7 | BC31: 8.8 | BD31: 7 | BE31: - | BF31: 8 | BG31: 0.27
A32: 43507 | B32: VM7 | C32: FB250 | E32: 60 | F32: 95 | G32: 0 | H32: 708 | I32: 1 | J32: =P32+O32+N32+M32+L32+K32 -> 0 | K32: 0 | L32: 0 | M32: 0 | N32: 0 | O32: 0 | P32: 0 | Q32: 0 | R32: =G32+S32 -> 0 | S32: 0 | T32: =U32+V32+W32 -> 0 | U32: 0 | V32: 0 | W32: 0 | X32: 0 | Y32: 0 | Z32: =SUM(AA32:AI32) -> 0 | AA32: 0 | AB32: 0 | AC32: 0 | AD32: 0 | AE32: 0 | AF32: 0 | AG32: 0 | AH32: 0 | AI32: 0 | AJ32: 0 | AK32: 0 | AL32: 0 | AM32: 0 | AN32: 0 | AO32: 0 | AP32: =SUM(E32:AO32)-Z32-J32-T32-R32 -> 864 | AR32: 11-Feb-19 | AS32: 15:35 | AT32: VM7 | AU32: 10 | AV32: YSI 2030 | AW32: 15.87 | AX32: 168.3 | AY32: 0.158 | AZ32: 0.1 | BA32: 18.2 | BB32: 764.7 | BC32: 8.8 | BD32: 7 | BE32: - | BF32: 8 | BG32: 0.27
A33: 43507 | B33: VM7 | C33: SW1 | E33: 664 | F33: 5 | G33: 0 | H33: 350 | I33: 0 | J33: =P33+O33+N33+M33+L33+K33 -> 8 | K33: 0 | L33: 6 | M33: 0 | N33: 0 | O33: 2 | P33: 0 | Q33: 1 | R33: =G33+S33 -> 0 | S33: 0 | T33: =U33+V33+W33 -> 0 | U33: 0 | V33: 0 | W33: 0 | X33: 0 | Y33: 0 | Z33: =SUM(AA33:AI33) -> 1 | AA33: 0 | AB33: 1 | AC33: 0 | AD33: 0 | AE33: 0 | AF33: 0 | AG33: 0 | AH33: 0 | AI33: 0 | AJ33: 0 | AK33: 5 | AL33: 0 | AM33: 0 | AN33: 0 | AO33: 0 | AP33: =SUM(E33:AO33)-Z33-J33-T33-R33 -> 1034 | AR33: 11-Feb-19 | AS33: 15:35 | AT33: VM7 | AU33: 10 | AV33: YSI 2030 | AW33: 15.87 | AX33: 168.3 | AY33: 0.158 | AZ33: 0.1 | BA33: 18.2 | BB33: 764.7 | BC33: 8.8 | BD33: 7 | BE33: - | BF33: 8 | BG33: 0.27
A34: 43507 | B34: VOW1 | C34: CORE | E34: 0 | F34: 0 | G34: 0 | H34: 1 | I34: 0 | J34: =P34+O34+N34+M34+L34+K34 -> 0 | K34: 0 | L34: 0 | M34: 0 | N34: 0 | O34: 0 | P34: 0 | Q34: 0 | R34: =G34+S34 -> 0 | S34: 0 | T34: =U34+V34+W34 -> 0 | U34: 0 | V34: 0 | W34: 0 | X34: 0 | Y34: 0 | Z34: =SUM(AA34:AI34) -> 0 | AA34: 0 | AB34: 0 | AC34: 0 | AD34: 0 | AE34: 0 | AF34: 0 | AG34: 0 | AH34: 0 | AI34: 0 | AJ34: 0 | AK34: 0 | AL34: 0 | AM34: 0 | AN34: 0 | AO34: 0 | AP34: =SUM(E34:AO34)-Z34-J34-T34-R34 -> 1 | AR34: 11-Feb19 | AS34: 10:50 | AT34: VOW1 | AU34: 10 | AV34: YSI 2030 | AW34: 5.74 | AX34: 50.1 | AY34: 0.03 | AZ34: 0 | BA34: 9.3 | BB34: 766 | BC34: 6.9 | BD34: 7 | BE34: 0 | BF34: 30 | BG34: 0.42
A35: 43507 | B35: VOW1 | C35: FB250 | E35: 923 | F35: 89 | G35: 0 | H35: 768 | I35: 0 | J35: =P35+O35+N35+M35+L35+K35 -> 0 | K35: 0 | L35: 0 | M35: 0 | N35: 0 | O35: 0 | P35: 0 | Q35: 0 | R35: =G35+S35 -> 0 | S35: 0 | T35: =U35+V35+W35 -> 0 | U35: 0 | V35: 0 | W35: 0 | X35: 0 | Y35: 0 | Z35: =SUM(AA35:AI35) -> 0 | AA35: 0 | AB35: 0 | AC35: 0 | AD35: 0 | AE35: 0 | AF35: 0 | AG35: 0 | AH35: 0 | AI35: 0 | AJ35: 0 | AK35: 0 | AL35: 0 | AM35: 1 | AN35: 0 | AO35: 0 | AP35: =SUM(E35:AO35)-Z35-J35-T35-R35 -> 1781 | AR35: 11-Feb19 | AS35: 10:50 | AT35: VOW1 | AU35: 10 | AV35: YSI 2030 | AW35: 5.74 | AX35: 50.1 | AY35: 0.03 | AZ35: 0 | BA35: 9.3 | BB35: 766 | BC35: 6.9 | BD35: 7 | BE35: 0 | BF35: 30 | BG35: 0.42
A36: 43507 | B36: VOW1 | C36: SW1 | E36: 1209 | F36: 21 | G36: 0 | H36: 1418 | I36: 0 | J36: =P36+O36+N36+M36+L36+K36 -> 1 | K36: 0 | L36: 1 | M36: 0 | N36: 0 | O36: 0 | P36: 0 | Q36: 0 | R36: =G36+S36 -> 0 | S36: 0 | T36: =U36+V36+W36 -> 0 | U36: 0 | V36: 0 | W36: 0 | X36: 0 | Y36: 0 | Z36: =SUM(AA36:AI36) -> 0 | AA36: 0 | AB36: 0 | AC36: 0 | AD36: 0 | AE36: 0 | AF36: 0 | AG36: 0 | AH36: 0 | AI36: 0 | AJ36: 0 | AK36: 0 | AL36: 0 | AM36: 0 | AN36: 0 | AO36: 0 | AP36: =SUM(E36:AO36)-Z36-J36-T36-R36 -> 2649 | AR36: 11-Feb19 | AS36: 10:50 | AT36: VOW1 | AU36: 10 | AV36: YSI 2030 | AW36: 5.74 | AX36: 50.1 | AY36: 0.03 | AZ36: 0 | BA36: 9.3 | BB36: 766 | BC36: 6.9 | BD36: 7 | BE36: 0 | BF36: 30 | BG36: 0.42
A37: 43507 | B37: VM3 | C37: FB250 | E37: 174 | F37: 90 | G37: 0 | H37: 343 | I37: 0 | J37: =P37+O37+N37+M37+L37+K37 -> 0 | K37: 0 | L37: 0 | M37: 0 | N37: 0 | O37: 0 | P37: 0 | Q37: 0 | R37: =G37+S37 -> 0 | S37: 0 | T37: =U37+V37+W37 -> 0 | U37: 0 | V37: 0 | W37: 0 | X37: 0 | Y37: 0 | Z37: =SUM(AA37:AI37) -> 0 | AA37: 0 | AB37: 0 | AC37: 0 | AD37: 0 | AE37: 0 | AF37: 0 | AG37: 0 | AH37: 0 | AI37: 0 | AJ37: 0 | AK37: 0 | AL37: 0 | AM37: 0 | AN37: 0 | AO37: 0 | AP37: =SUM(E37:AO37)-Z37-J37-T37-R37 -> 607 | AR37: 11-Feb-19 | AS37: 14:30 | AT37: VM3 | AU37: 10 | AV37: YSI 2030 | AW37: 9.4 | AX37: 99.5 | AY37: 0 | AZ37: 0 | BA37: 18.1 | BB37: 765 | BC37: 6.8 | BD37: 2 | BE37: - | BF37: 17 | BG37: 0.42 | BI37: e
A38: 43507 | B38: VM3 | C38: SW1 | E38: 1330 | F38: 0 | G38: 0 | H38: 932 | I38: 1 | J38: =P38+O38+N38+M38+L38+K38 -> 0 | K38: 0 | L38: 0 | M38: 0 | N38: 0 | O38: 0 | P38: 0 | Q38: 0 | R38: =G38+S38 -> 0 | S38: 0 | T38: =U38+V38+W38 -> 0 | U38: 0 | V38: 0 | W38: 0 | X38: 0 | Y38: 0 | Z38: =SUM(AA38:AI38) -> 2 | AA38: 0 | AB38: 0 | AC38: 0 | AD38: 0 | AE38: 0 | AF38: 0 | AG38: 0 | AH38: 2 | AI38: 0 | AJ38: 0 | AK38: 0 | AL38: 0 | AM38: 0 | AN38: 0 | AO38: 0 | AP38: =SUM(E38:AO38)-Z38-J38-T38-R38 -> 2265 | AR38: 11-Feb-19 | AS38: 14:30 | AT38: VM3 | AU38: 10 | AV38: YSI 2030 | AW38: 9.4 | AX38: 99.5 | AY38: 0 | AZ38: 0 | BA38: 18.1 | BB38: 765 | BC38: 6.8 | BD38: 2 | BE38: - | BF38: 17 | BG38: 0.42
A39: 43514 | B39: NDC | C39: FB250 | E39: 59 | F39: 25 | G39: 0 | H39: 241 | I39: 0 | J39: =P39+O39+N39+M39+L39+K39 -> 1 | K39: 0 | L39: 0 | M39: 1 | N39: 0 | O39: 0 | P39: 0 | Q39: 0 | R39: =G39+S39 -> 0 | S39: 0 | T39: =U39+V39+W39 -> 0 | U39: 0 | V39: 0 | W39: 0 | X39: 0 | Y39: 0 | Z39: =SUM(AA39:AI39) -> 0 | AA39: 0 | AB39: 0 | AC39: 0 | AD39: 0 | AE39: 0 | AF39: 0 | AG39: 0 | AH39: 0 | AI39: 0 | AJ39: 0 | AK39: 0 | AL39: 0 | AM39: 3 | AN39: 0 | AO39: 0 | AP39: =SUM(E39:AO39)-Z39-J39-T39-R39 -> 329 | AR39: 18-Feb-19 | AS39: 11:10 | AT39: NDC | AU39: 10 | AV39: YSI 2030 | AW39: 2.71 | AX39: 23.8 | AY39: 0.608 | AZ39: 0.3 | BA39: 10.1 | BB39: 764.5 | BC39: 7.69 | BD39: 1 | BE39: 0 | BF39: 3 | BG39: 0.2
A40: 43514 | B40: NPB | C40: FB250 | E40: 1 | F40: 0 | G40: 0 | H40: 1 | I40: 0 | J40: =P40+O40+N40+M40+L40+K40 -> 0 | K40: 0 | L40: 0 | M40: 0 | N40: 0 | O40: 0 | P40: 0 | Q40: 0 | R40: =G40+S40 -> 0 | S40: 0 | T40: =U40+V40+W40 -> 0 | U40: 0 | V40: 0 | W40: 0 | X40: 0 | Y40: 0 | Z40: =SUM(AA40:AI40) -> 1 | AA40: 0 | AB40: 0 | AC40: 0 | AD40: 0 | AE40: 0 | AF40: 0 | AG40: 1 | AH40: 0 | AI40: 0 | AJ40: 0 | AK40: 0 | AL40: 0 | AM40: 0 | AN40: 0 | AO40: 0 | AP40: =SUM(E40:AO40)-Z40-J40-T40-R40 -> 3 | AR40: 18-Feb-19 | AS40: 10:35 | AT40: NPB | AU40: 10 | AV40: YSI 2030 | AW40: 11.27 | AX40: 103.6 | AY40: 2.98 | AZ40: 1.6 | BA40: 11.3 | BB40: 765 | BC40: 7.2 | BD40: 0 | BE40: 0 | BF40: 2 | BG40: 0.25
A41: 43531 | B41: VMMesa | C41: CORE | E41: 0 | F41: 0 | G41: 0 | H41: 0 | I41: 4 | J41: =P41+O41+N41+M41+L41+K41 -> 0 | K41: 0 | L41: 0 | M41: 0 | N41: 0 | O41: 0 | P41: 0 | Q41: 0 | R41: =G41+S41 -> 0 | S41: 0 | T41: =U41+V41+W41 -> 0 | U41: 0 | V41: 0 | W41: 0 | X41: 0 | Y41: 0 | Z41: =SUM(AA41:AI41) -> 0 | AA41: 0 | AB41: 0 | AC41: 0 | AD41: 0 | AE41: 0 | AF41: 0 | AG41: 0 | AH41: 0 | AI41: 0 | AJ41: 0 | AK41: 0 | AL41: 0 | AM41: 0 | AN41: 0 | AO41: 0 | AP41: =SUM(E41:AO41)-Z41-J41-T41-R41 -> 4 | AR41: 43531 | AS41: 0.35625 | AT41: VMM | AU41: 10 | AV41: YSI 2030 | AW41: 2.54 | AX41: 22.8 | AY41: 0.154 | AZ41: 0.1 | BA41: 12.1 | BD41: 4 | BE41: 0 | BG41: 0.3 | BH41: No barametric pressure or Ph data recorded
A42: 43531 | B42: VMMesa | C42: FB250 | E42: 420 | F42: 47 | G42: 0 | H42: 709 | I42: 0 | J42: =P42+O42+N42+M42+L42+K42 -> 12 | K42: 0 | L42: 12 | M42: 0 | N42: 0 | O42: 0 | P42: 0 | Q42: 0 | R42: =G42+S42 -> 0 | S42: 0 | T42: =U42+V42+W42 -> 0 | U42: 0 | V42: 0 | W42: 0 | X42: 0 | Y42: 0 | Z42: =SUM(AA42:AI42) -> 0 | AA42: 0 | AB42: 0 | AC42: 0 | AD42: 0 | AE42: 0 | AF42: 0 | AG42: 0 | AH42: 0 | AI42: 0 | AJ42: 0 | AK42: 0 | AL42: 0 | AM42: 0 | AN42: 0 | AO42: 1 | AP42: =SUM(E42:AO42)-Z42-J42-T42-R42 -> 1189 | AR42: 43531 | AS42: 0.35625 | AT42: VMM | AU42: 10 | AV42: YSI 2030 | AW42: 2.54 | AX42: 22.8 | AY42: 0.154 | AZ42: 0.1 | BA42: 12.1 | BD42: 4 | BE42: 0 | BG42: 0.3 | BH42: No barametric pressure or Ph data recorded
A43: 43531 | B43: VMMesa | C43: SW1 | E43: 1551 | F43: 537 | G43: 0 | H43: 348 | I43: 11 | J43: =P43+O43+N43+M43+L43+K43 -> 23 | K43: 1 | L43: 19 | M43: 0 | N43: 3 | O43: 0 | P43: 0 | Q43: 0 | R43: =G43+S43 -> 0 | S43: 0 | T43: =U43+V43+W43 -> 0 | U43: 0 | V43: 0 | W43: 0 | X43: 0 | Y43: 0 | Z43: =SUM(AA43:AI43) -> 3 | AA43: 0 | AB43: 3 | AC43: 0 | AD43: 0 | AE43: 0 | AF43: 0 | AG43: 0 | AH43: 0 | AI43: 0 | AJ43: 0 | AK43: 1 | AL43: 0 | AM43: 2 | AN43: 0 | AO43: 11 | AP43: =SUM(E43:AO43)-Z43-J43-T43-R43 -> 2487 | AR43: 43531 | AS43: 0.35625 | AT43: VMM | AU43: 10 | AV43: YSI 2030 | AW43: 2.54 | AX43: 22.8 | AY43: 0.154 | AZ43: 0.1 | BA43: 12.1 | BD43: 4 | BE43: 0 | BF43: 28 | BG43: 0.3 | BH43: No barametric pressure or Ph data recorded
A44: 43535 | B44: CUL1 | C44: FB250 | E44: 281 | F44: 11 | G44: 0 | H44: 354 | I44: 0 | J44: =P44+O44+N44+M44+L44+K44 -> 0 | K44: 0 | L44: 0 | M44: 0 | N44: 0 | O44: 0 | P44: 0 | Q44: 0 | R44: =G44+S44 -> 0 | S44: 0 | T44: =U44+V44+W44 -> 0 | U44: 0 | V44: 0 | W44: 0 | X44: 0 | Y44: 0 | Z44: =SUM(AA44:AI44) -> 0 | AA44: 0 | AB44: 0 | AC44: 0 | AD44: 0 | AE44: 0 | AF44: 0 | AG44: 0 | AH44: 0 | AI44: 0 | AJ44: 0 | AK44: 0 | AL44: 0 | AM44: 0 | AN44: 0 | AO44: 0 | AP44: =SUM(E44:AO44)-Z44-J44-T44-R44 -> 646 | AR44: 43535 | AS44: 0.64236111 | AT44: CUL1 | AU44: 10 | AV44: YSI 2030 | AW44: 6.71 | AX44: 72.6 | AY44: 8.93 | AZ44: 5 | BA44: 17.7 | BB44: 759.5 | BC44: 6.9 | BD44: 0 | BE44: 0 | BF44: 1 | BG44: 0.1
A45: 43535 | B45: MO1 | C45: FB250 | E45: 4 | F45: 2933 | G45: 11 | H45: 6 | I45: 0 | J45: =P45+O45+N45+M45+L45+K45 -> 0 | K45: 0 | L45: 0 | M45: 0 | N45: 0 | O45: 0 | P45: 0 | Q45: 0 | R45: =G45+S45 -> 11 | S45: 0 | T45: =U45+V45+W45 -> 63 | U45: 0 | V45: 59 | W45: 4 | X45: 0 | Y45: 0 | Z45: =SUM(AA45:AI45) -> 0 | AA45: 0 | AB45: 0 | AC45: 0 | AD45: 0 | AE45: 0 | AF45: 0 | AG45: 0 | AH45: 0 | AI45: 0 | AJ45: 0 | AK45: 0 | AL45: 0 | AM45: 0 | AN45: 0 | AO45: 0 | AP45: =SUM(E45:AO45)-Z45-J45-T45-R45 -> 3017 | AR45: 43535 | AS45: 0.59027778 | AT45: MO1 | AU45: 10 | AV45: YSI 2030 | AW45: 13.57 | AX45: 128.3 | AY45: 0.0003 | AZ45: 0 | BA45: 20.4 | BB45: 759.2 | BC45: 7.5 | BD45: 0 | BE45: 0 | BF45: 7 | BG45: 0.1
A46: 43535 | B46: NVBR | C46: FB250 | E46: 16 | F46: 3 | G46: 51 | H46: 28 | I46: 0 | J46: =P46+O46+N46+M46+L46+K46 -> 0 | K46: 0 | L46: 0 | M46: 0 | N46: 0 | O46: 0 | P46: 0 | Q46: 0 | R46: =G46+S46 -> 51 | S46: 0 | T46: =U46+V46+W46 -> 0 | U46: 0 | V46: 0 | W46: 0 | X46: 0 | Y46: 0 | Z46: =SUM(AA46:AI46) -> 0 | AA46: 0 | AB46: 0 | AC46: 0 | AD46: 0 | AE46: 0 | AF46: 0 | AG46: 0 | AH46: 0 | AI46: 0 | AJ46: 0 | AK46: 0 | AL46: 0 | AM46: 0 | AN46: 0 | AO46: 0 | AP46: =SUM(E46:AO46)-Z46-J46-T46-R46 -> 98 | AR46: 43535 | AS46: 0.66666667 | AT46: NVBR1 | AU46: 10 | AV46: YSI 2030 | AW46: 14.33 | AX46: 154.2 | AY46: 2.87 | AZ46: 1.5 | BA46: 18.4 | BB46: 760.1 | BC46: 7.9 | BD46: 0 | BE46: 0 | BF46: 3 | BG46: 0.1
A47: 43535 | B47: VBR1 | C47: FB250 | E47: 3 | F47: 2 | G47: 8 | H47: 23 | I47: 2 | J47: =P47+O47+N47+M47+L47+K47 -> 0 | K47: 0 | L47: 0 | M47: 0 | N47: 0 | O47: 0 | P47: 0 | Q47: 0 | R47: =G47+S47 -> 8 | S47: 0 | T47: =U47+V47+W47 -> 1 | U47: 0 | V47: 0 | W47: 1 | X47: 0 | Y47: 0 | Z47: =SUM(AA47:AI47) -> 0 | AA47: 0 | AB47: 0 | AC47: 0 | AD47: 0 | AE47: 0 | AF47: 0 | AG47: 0 | AH47: 0 | AI47: 0 | AJ47: 0 | AK47: 0 | AL47: 0 | AM47: 0 | AN47: 0 | AO47: 0 | AP47: =SUM(E47:AO47)-Z47-J47-T47-R47 -> 39 | AR47: 43535 | AS47: 0.65972222 | AT47: VBR1 | AU47: 10 | AV47: YSI 2030 | AW47: 13.62 | AX47: 146.5 | AY47: 2.566 | AZ47: 1.3 | BA47: 18.5 | BB47: 760.2 | BC47: 7.81 | BD47: 0 | BE47: 0 | BF47: 3 | BG47: 0.1
A48: 43537 | B48: DSP | C48: FB250 | E48: 2539 | F48: 253 | G48: 1 | H48: 1673 | I48: 0 | J48: =P48+O48+N48+M48+L48+K48 -> 0 | K48: 0 | L48: 0 | M48: 0 | N48: 0 | O48: 0 | P48: 0 | Q48: 0 | R48: =G48+S48 -> 1 | S48: 0 | T48: =U48+V48+W48 -> 0 | U48: 0 | V48: 0 | W48: 0 | X48: 0 | Y48: 0 | Z48: =SUM(AA48:AI48) -> 4 | AA48: 0 | AB48: 4 | AC48: 0 | AD48: 0 | AE48: 0 | AF48: 0 | AG48: 0 | AH48: 0 | AI48: 0 | AJ48: 0 | AK48: 4 | AL48: 0 | AM48: 4 | AN48: 0 | AO48: 0 | AP48: =SUM(E48:AO48)-Z48-J48-T48-R48 -> 4478 | AR48: 43537 | AS48: 0.47916667 | AT48: DSP | AU48: 10 | AV48: YSI 2030 | AW48: 4.3 | AX48: 44.1 | AY48: 0.813 | AZ48: 0.4 | BA48: 16.7 | BB48: 754 | BC48: 6.7 | BD48: - | BE48: - | BF48: 2 | BG48: 0.3
A49: 43537 | B49: DSP | C49: SW1 | E49: 54 | F49: 60 | G49: 5 | H49: 214 | I49: 0 | J49: =P49+O49+N49+M49+L49+K49 -> 1 | K49: 0 | L49: 1 | M49: 0 | N49: 0 | O49: 0 | P49: 0 | Q49: 0 | R49: =G49+S49 -> 5 | S49: 0 | T49: =U49+V49+W49 -> 2 | U49: 0 | V49: 2 | W49: 0 | X49: 0 | Y49: 0 | Z49: =SUM(AA49:AI49) -> 10 | AA49: 0 | AB49: 8 | AC49: 0 | AD49: 0 | AE49: 0 | AF49: 2 | AG49: 0 | AH49: 0 | AI49: 0 | AJ49: 0 | AK49: 26 | AL49: 0 | AM49: 0 | AN49: 1 | AO49: 0 | AP49: =SUM(E49:AO49)-Z49-J49-T49-R49 -> 373 | AR49: 43537 | AS49: 0.47916667 | AT49: DSP | AU49: 10 | AV49: YSI 2030 | AW49: 4.3 | AX49: 44.1 | AY49: 0.813 | AZ49: 0.4 | BA49: 16.7 | BB49: 754 | BC49: 6.7 | BD49: - | BE49: - | BF49: 2 | BG49: 0.3
A50: 43537 | B50: NMC | C50: FB250 | E50: 13 | F50: 15 | G50: 0 | H50: 80 | I50: 0 | J50: =P50+O50+N50+M50+L50+K50 -> 0 | K50: 0 | L50: 0 | M50: 0 | N50: 0 | O50: 0 | P50: 0 | Q50: 0 | R50: =G50+S50 -> 0 | S50: 0 | T50: =U50+V50+W50 -> 0 | U50: 0 | V50: 0 | W50: 0 | X50: 0 | Y50: 0 | Z50: =SUM(AA50:AI50) -> 0 | AA50: 0 | AB50: 0 | AC50: 0 | AD50: 0 | AE50: 0 | AF50: 0 | AG50: 0 | AH50: 0 | AI50: 0 | AJ50: 0 | AK50: 0 | AL50: 0 | AM50: 0 | AN50: 0 | AO50: 0 | AP50: =SUM(E50:AO50)-Z50-J50-T50-R50 -> 108 | AR50: 43537 | AS50: 0.55208333 | AT50: NMC | AU50: 10 | AV50: YSI 2030 | AW50: 12.1 | AX50: 124.2 | AY50: 1.97 | AZ50: 1 | BA50: 16.2 | BB50: 763.6 | BC50: 7.54 | BD50: - | BE50: - | BF50: - | BG50: -
A51: 43537 | B51: NPB | C51: FB250 | E51: 9 | F51: 0 | G51: 0 | H51: 20 | I51: 0 | J51: =P51+O51+N51+M51+L51+K51 -> 2 | K51: 0 | L51: 2 | M51: 0 | N51: 0 | O51: 0 | P51: 0 | Q51: 0 | R51: =G51+S51 -> 0 | S51: 0 | T51: =U51+V51+W51 -> 0 | U51: 0 | V51: 0 | W51: 0 | X51: 0 | Y51: 0 | Z51: =SUM(AA51:AI51) -> 0 | AA51: 0 | AB51: 0 | AC51: 0 | AD51: 0 | AE51: 0 | AF51: 0 | AG51: 0 | AH51: 0 | AI51: 0 | AJ51: 0 | AK51: 0 | AL51: 0 | AM51: 0 | AN51: 0 | AO51: 0 | AP51: =SUM(E51:AO51)-Z51-J51-T51-R51 -> 31 | AR51: 43537 | AS51: 0.56597222 | AT51: NPB | AU51: 10 | AV51: YSI 2030 | AW51: 15.63 | AX51: 164.8 | AY51: 1.81 | AZ51: 1.3 | BA51: 17.8 | BB51: 763.3 | BC51: 7.52 | BD51: - | BE51: - | BF51: - | BG51: -
A52: 43537 | B52: NWP | C52: FB250 | E52: 1700 | F52: 3 | G52: 0 | H52: 840 | I52: 0 | J52: =P52+O52+N52+M52+L52+K52 -> 0 | K52: 0 | L52: 0 | M52: 0 | N52: 0 | O52: 0 | P52: 0 | Q52: 0 | R52: =G52+S52 -> 0 | S52: 0 | T52: =U52+V52+W52 -> 0 | U52: 0 | V52: 0 | W52: 0 | X52: 0 | Y52: 0 | Z52: =SUM(AA52:AI52) -> 0 | AA52: 0 | AB52: 0 | AC52: 0 | AD52: 0 | AE52: 0 | AF52: 0 | AG52: 0 | AH52: 0 | AI52: 0 | AJ52: 0 | AK52: 1 | AL52: 0 | AM52: 0 | AN52: 3 | AO52: 0 | AP52: =SUM(E52:AO52)-Z52-J52-T52-R52 -> 2547 | AR52: 43537 | AS52: 0.57638889 | AT52: NWP | AU52: 10 | AV52: YSI 2030 | AW52: 5.81 | AX52: 61.9 | AY52: 0.0189 | AZ52: 0 | BA52: 16.9 | BB52: 762.4 | BC52: 6.61 | BD52: - | BE52: - | BF52: - | BG52: -
A53: 43537 | B53: VP1 | C53: FB250 | E53: 57 | F53: 258 | G53: 0 | H53: 681 | I53: 0 | J53: =P53+O53+N53+M53+L53+K53 -> 0 | K53: 0 | L53: 0 | M53: 0 | N53: 0 | O53: 0 | P53: 0 | Q53: 0 | R53: =G53+S53 -> 0 | S53: 0 | T53: =U53+V53+W53 -> 0 | U53: 0 | V53: 0 | W53: 0 | X53: 0 | Y53: 0 | Z53: =SUM(AA53:AI53) -> 0 | AA53: 0 | AB53: 0 | AC53: 0 | AD53: 0 | AE53: 0 | AF53: 0 | AG53: 0 | AH53: 0 | AI53: 0 | AJ53: 0 | AK53: 0 | AL53: 0 | AM53: 0 | AN53: 0 | AO53: 0 | AP53: =SUM(E53:AO53)-Z53-J53-T53-R53 -> 996 | AR53: 43537 | AS53: 0.44791667 | AT53: CVP1 | AU53: 10 | AV53: YSI 2030 | AW53: 8.68 | AX53: 86 | AY53: 0.05 | AZ53: 0 | BA53: 14.7 | BB53: 762.1 | BC53: 6.8 | BD53: 5 | BE53: 0 | BF53: 7 | BG53: .05-.5
A54: 43537 | B54: VP1 | C54: SW1 | E54: 630 | F54: 5 | G54: 2 | H54: 1439 | I54: 0 | J54: =P54+O54+N54+M54+L54+K54 -> 2 | K54: 2 | L54: 0 | M54: 0 | N54: 0 | O54: 0 | P54: 0 | Q54: 0 | R54: =G54+S54 -> 2 | S54: 0 | T54: =U54+V54+W54 -> 0 | U54: 0 | V54: 0 | W54: 0 | X54: 0 | Y54: 2 | Z54: =SUM(AA54:AI54) -> 29 | AA54: 3 | AB54: 0 | AC54: 0 | AD54: 0 | AE54: 0 | AF54: 26 | AG54: 0 | AH54: 0 | AI54: 0 | AJ54: 0 | AK54: 21 | AL54: 0 | AM54: 0 | AN54: 0 | AO54: 0 | AP54: =SUM(E54:AO54)-Z54-J54-T54-R54 -> 2130 | AR54: 43537 | AS54: 0.44791667 | AT54: CVP1 | AU54: 10 | AV54: YSI 2030 | AW54: 8.68 | AX54: 86 | AY54: 0.05 | AZ54: 0 | BA54: 14.7 | BB54: 762.1 | BC54: 6.8 | BD54: 5 | BE54: 0 | BF54: 7 | BG54: .05-.5
A55: 43538 | B55: VNVP4 | C55: SW1 | E55: 194 | F55: 5 | G55: 0 | H55: 1308 | I55: 0 | J55: =P55+O55+N55+M55+L55+K55 -> 1 | K55: 1 | L55: 0 | M55: 0 | N55: 0 | O55: 0 | P55: 0 | Q55: 0 | R55: =G55+S55 -> 0 | S55: 0 | T55: =U55+V55+W55 -> 0 | U55: 0 | V55: 0 | W55: 0 | X55: 0 | Y55: 0 | Z55: =SUM(AA55:AI55) -> 0 | AA55: 0 | AB55: 0 | AC55: 0 | AD55: 0 | AE55: 0 | AF55: 0 | AG55: 0 | AH55: 0 | AI55: 0 | AJ55: 0 | AK55: 0 | AL55: 0 | AM55: 0 | AN55: 0 | AO55: 0 | AP55: =SUM(E55:AO55)-Z55-J55-T55-R55 -> 1508 | AR55: 43538 | AS55: 0.48958333 | AT55: NVP4 | AU55: 10 | AV55: YSI 2030 | AW55: 9.41 | AX55: 96 | AY55: 0.0566 | AZ55: 0.2 | BA55: 16.7 | BB55: 766.6 | BC55: 7.6 | BD55: 1 | BE55: 0 | BF55: 7 | BG55: .1 - .2
A56: 43539 | B56: NEC | C56: FB250 | E56: 180 | F56: 1 | G56: 227 | H56: 1879 | I56: 0 | J56: =P56+O56+N56+M56+L56+K56 -> 12 | K56: 0 | L56: 8 | M56: 4 | N56: 0 | O56: 0 | P56: 0 | Q56: 0 | R56: =G56+S56 -> 227 | S56: 0 | T56: =U56+V56+W56 -> 0 | U56: 0 | V56: 0 | W56: 0 | X56: 0 | Y56: 0 | Z56: =SUM(AA56:AI56) -> 0 | AA56: 0 | AB56: 0 | AC56: 0 | AD56: 0 | AE56: 0 | AF56: 0 | AG56: 0 | AH56: 0 | AI56: 0 | AJ56: 0 | AK56: 0 | AL56: 0 | AM56: 0 | AN56: 0 | AO56: 0 | AP56: =SUM(E56:AO56)-Z56-J56-T56-R56 -> 2299 | AR56: 43539 | AS56: 0.63194444 | AT56: NEC | AU56: 10 | AV56: YSI 2030 | AW56: 10.78 | AX56: 123.3 | AY56: 3.211 | AZ56: 1.7 | BA56: 21 | BB56: 763.8 | BC56: 7.81 | BD56: 0 | BE56: 0 | BF56: - | BG56: -
A57: 43563 | B57: VP1 | C57: CORE | E57: 87 | F57: 0 | G57: 0 | H57: 10 | I57: 0 | J57: =P57+O57+N57+M57+L57+K57 -> 0 | K57: 0 | L57: 0 | M57: 0 | N57: 0 | O57: 0 | P57: 0 | Q57: 0 | R57: =G57+S57 -> 0 | S57: 0 | T57: =U57+V57+W57 -> 0 | U57: 0 | V57: 0 | W57: 0 | X57: 0 | Y57: 0 | Z57: =SUM(AA57:AI57) -> 0 | AA57: 0 | AB57: 0 | AC57: 0 | AD57: 0 | AE57: 0 | AF57: 0 | AG57: 0 | AH57: 0 | AI57: 0 | AJ57: 0 | AK57: 0 | AL57: 0 | AM57: 0 | AN57: 0 | AO57: 0 | AP57: =SUM(E57:AO57)-Z57-J57-T57-R57 -> 97 | AR57: 43563 | AS57: 0.45833333 | AT57: VP1 | AU57: 10 | AV57: YSI 2030 | AW57: 8.97 | AX57: 107.5 | AY57: 0.162 | AZ57: 0.1 | BA57: 24.5 | BB57: 762.7 | BC57: 6.3 | BD57: 1 | BE57: 0 | BF57: 2 | BG57: 0.43
A58: 43563 | B58: VP1 | C58: FB250 | E58: 770 | F58: 856 | G58: 0 | H58: 3713 | I58: 0 | J58: =P58+O58+N58+M58+L58+K58 -> 0 | K58: 0 | L58: 0 | M58: 0 | N58: 0 | O58: 0 | P58: 0 | Q58: 1 | R58: =G58+S58 -> 0 | S58: 0 | T58: =U58+V58+W58 -> 0 | U58: 0 | V58: 0 | W58: 0 | X58: 0 | Y58: 0 | Z58: =SUM(AA58:AI58) -> 0 | AA58: 0 | AB58: 0 | AC58: 0 | AD58: 0 | AE58: 0 | AF58: 0 | AG58: 0 | AH58: 0 | AI58: 0 | AJ58: 0 | AK58: 1 | AL58: 0 | AM58: 0 | AN58: 0 | AO58: 0 | AP58: =SUM(E58:AO58)-Z58-J58-T58-R58 -> 5341 | AR58: 43563 | AS58: 0.45833333 | AT58: VP1 | AU58: 10 | AV58: YSI 2030 | AW58: 8.97 | AX58: 107.5 | AY58: 0.162 | AZ58: 0.1 | BA58: 24.5 | BB58: 762.7 | BC58: 6.3 | BD58: 1 | BE58: 0 | BF58: 2 | BG58: 0.43
A59: 43563 | B59: VP1 | C59: SW1 | E59: 1842 | F59: 8 | G59: 8 | H59: 214 | I59: 0 | J59: =P59+O59+N59+M59+L59+K59 -> 0 | K59: 0 | L59: 0 | M59: 0 | N59: 0 | O59: 0 | P59: 0 | Q59: 0 | R59: =G59+S59 -> 8 | S59: 0 | T59: =U59+V59+W59 -> 0 | U59: 0 | V59: 0 | W59: 0 | X59: 0 | Y59: 0 | Z59: =SUM(AA59:AI59) -> 6 | AA59: 0 | AB59: 0 | AC59: 0 | AD59: 0 | AE59: 0 | AF59: 6 | AG59: 0 | AH59: 0 | AI59: 0 | AJ59: 0 | AK59: 2 | AL59: 0 | AM59: 0 | AN59: 0 | AO59: 0 | AP59: =SUM(E59:AO59)-Z59-J59-T59-R59 -> 2080 | AR59: 43563 | AS59: 0.45833333 | AT59: VP1 | AU59: 10 | AV59: YSI 2030 | AW59: 8.97 | AX59: 107.5 | AY59: 0.162 | AZ59: 0.1 | BA59: 24.5 | BB59: 762.7 | BC59: 6.3 | BD59: 6 | BE59: 0 | BF59: 7 | BG59: 0.43
A60: 43563 | B60: VNVP10 | C60: FB250 | E60: 22 | F60: 0 | G60: 6 | H60: 6 | I60: 0 | J60: =P60+O60+N60+M60+L60+K60 -> 4 | K60: 2 | L60: 0 | M60: 0 | N60: 2 | O60: 0 | P60: 0 | Q60: 0 | R60: =G60+S60 -> 7 | S60: 1 | T60: =U60+V60+W60 -> 0 | U60: 0 | V60: 0 | W60: 0 | X60: 0 | Y60: 29 | Z60: =SUM(AA60:AI60) -> 18 | AA60: 0 | AB60: 0 | AC60: 1 | AD60: 0 | AE60: 0 | AF60: 16 | AG60: 0 | AH60: 0 | AI60: 1 | AJ60: 0 | AK60: 0 | AL60: 0 | AM60: 0 | AN60: 0 | AO60: 0 | AP60: =SUM(E60:AO60)-Z60-J60-T60-R60 -> 86 | AR60: 43563 | AS60: 13:30 | AT60: VNVP10 | AU60: 10 | AV60: YSI 2030 | AW60: 11.86 | AX60: 152.4 | AY60: 0.252 | AZ60: 0.1 | BA60: 28.3 | BB60: 759.4 | BC60: 7.9 | BD60: - | BE60: 0 | BF60: 2 | BG60: 0.18 | BH60: tadpole count combined
A61: 43563 | B61: VNVP10 | C61: SW1 | E61: 75 | F61: 90 | G61: 0 | H61: 3400 | I61: 0 | J61: =P61+O61+N61+M61+L61+K61 -> 1 | K61: 0 | L61: 0 | M61: 0 | N61: 1 | O61: 0 | P61: 0 | Q61: 0 | R61: =G61+S61 -> 0 | S61: 0 | T61: =U61+V61+W61 -> 4 | U61: 4 | V61: 0 | W61: 0 | X61: 0 | Y61: 0 | Z61: =SUM(AA61:AI61) -> 0 | AA61: 0 | AB61: 0 | AC61: 0 | AD61: 0 | AE61: 0 | AF61: 0 | AG61: 0 | AH61: 0 | AI61: 0 | AJ61: 0 | AK61: 0 | AL61: 0 | AM61: 0 | AN61: 0 | AO61: 0 | AP61: =SUM(E61:AO61)-Z61-J61-T61-R61 -> 3570 | AR61: 43563 | AS61: 13:30 | AT61: VNVP10 | AU61: 10 | AV61: YSI 2030 | AW61: 11.86 | AX61: 152.4 | AY61: 0.252 | AZ61: 0.1 | BA61: 28.3 | BB61: 759.4 | BC61: 7.9 | BD61: 1 | BE61: 0 | BF61: 7 | BG61: 0.18 | BH61: tadpole count combined
A62: 43563 | B62: VOW1 | C62: FB250 | E62: 30 | F62: 88 | G62: 0 | H62: 580 | I62: 0 | J62: =P62+O62+N62+M62+L62+K62 -> 0 | K62: 0 | L62: 0 | M62: 0 | N62: 0 | O62: 0 | P62: 0 | Q62: 0 | R62: =G62+S62 -> 0 | S62: 0 | T62: =U62+V62+W62 -> 0 | U62: 0 | V62: 0 | W62: 0 | X62: 0 | Y62: 0 | Z62: =SUM(AA62:AI62) -> 0 | AA62: 0 | AB62: 0 | AC62: 0 | AD62: 0 | AE62: 0 | AF62: 0 | AG62: 0 | AH62: 0 | AI62: 0 | AJ62: 0 | AK62: 0 | AL62: 0 | AM62: 0 | AN62: 0 | AO62: 0 | AP62: =SUM(E62:AO62)-Z62-J62-T62-R62 -> 698 | AR62: 43563 | AS62: 0.63888889 | AT62: VOW1 | AU62: 10 | AV62: YSI 2030 | AW62: 7.84 | AX62: 98.4 | AY62: 0.023 | AZ62: 0 | BA62: 26.9 | BB62: 759.1 | BC62: 7.1 | BD62: 2 | BE62: 0 | BF62: 2 | BG62: 0.18
A63: 43563 | B63: VOW1 | C63: SW1 | E63: 900 | F63: 0 | G63: 0 | H63: 6 | I63: 0 | J63: =P63+O63+N63+M63+L63+K63 -> 0 | K63: 0 | L63: 0 | M63: 0 | N63: 0 | O63: 0 | P63: 0 | Q63: 0 | R63: =G63+S63 -> 0 | S63: 0 | T63: =U63+V63+W63 -> 0 | U63: 0 | V63: 0 | W63: 0 | X63: 0 | Y63: 0 | Z63: =SUM(AA63:AI63) -> 19 | AA63: 19 | AB63: 0 | AC63: 0 | AD63: 0 | AE63: 0 | AF63: 0 | AG63: 0 | AH63: 0 | AI63: 0 | AJ63: 0 | AK63: 0 | AL63: 0 | AM63: 0 | AN63: 0 | AO63: 0 | AP63: =SUM(E63:AO63)-Z63-J63-T63-R63 -> 925 | AR63: 43563 | AS63: 0.63888889 | AT63: VOW1 | AU63: 10 | AV63: YSI 2030 | AW63: 7.84 | AX63: 98.4 | AY63: 0.023 | AZ63: 0 | BA63: 26.9 | BB63: 759.1 | BC63: 7.1 | BD63: 2 | BE63: 0 | BF63: 2 | BG63: 0.18
A64: 43564 | B64: NPB | C64: CORE | E64: 15 | F64: 113 | G64: 0 | H64: 31 | I64: 4 | J64: =P64+O64+N64+M64+L64+K64 -> 0 | K64: 0 | L64: 0 | M64: 0 | N64: 0 | O64: 0 | P64: 0 | Q64: 0 | R64: =G64+S64 -> 0 | S64: 0 | T64: =U64+V64+W64 -> 0 | U64: 0 | V64: 0 | W64: 0 | X64: 0 | Y64: 0 | Z64: =SUM(AA64:AI64) -> 0 | AA64: 0 | AB64: 0 | AC64: 0 | AD64: 0 | AE64: 0 | AF64: 0 | AG64: 0 | AH64: 0 | AI64: 0 | AJ64: 0 | AK64: 0 | AL64: 0 | AM64: 0 | AN64: 0 | AO64: 0 | AP64: =SUM(E64:AO64)-Z64-J64-T64-R64 -> 163 | AR64: 43564 | AS64: 0.4375 | AT64: NPB | AU64: 10 | AV64: YSI 2030 | AW64: 10.65 | AX64: 130.7 | AY64: 23.13 | AZ64: 14 | BA64: 21.4 | BB64: 762.6 | BC64: 7.65 | BD64: 0 | BE64: 0 | BF64: - | BG64: -
A65: 43564 | B65: NPB | C65: FB250 | E65: 12 | F65: 400 | G65: 6 | H65: 0 | I65: 0 | J65: =P65+O65+N65+M65+L65+K65 -> 0 | K65: 0 | L65: 0 | M65: 0 | N65: 0 | O65: 0 | P65: 0 | Q65: 0 | R65: =G65+S65 -> 6 | S65: 0 | T65: =U65+V65+W65 -> 0 | U65: 0 | V65: 0 | W65: 0 | X65: 0 | Y65: 0 | Z65: =SUM(AA65:AI65) -> 0 | AA65: 0 | AB65: 0 | AC65: 0 | AD65: 0 | AE65: 0 | AF65: 0 | AG65: 0 | AH65: 0 | AI65: 0 | AJ65: 0 | AK65: 0 | AL65: 0 | AM65: 0 | AN65: 0 | AO65: 0 | AP65: =SUM(E65:AO65)-Z65-J65-T65-R65 -> 418 | AR65: 43564 | AS65: 0.4375 | AT65: NPB | AU65: 10 | AV65: YSI 2030 | AW65: 10.65 | AX65: 130.7 | AY65: 23.13 | AZ65: 14 | BA65: 21.4 | BB65: 762.6 | BC65: 7.65 | BD65: 0 | BE65: 0 | BF65: - | BG65: -
A66: 43564 | B66: NWP | C66: CORE | E66: 158 | F66: 7 | G66: 0 | H66: 11 | I66: 0 | J66: =P66+O66+N66+M66+L66+K66 -> 0 | K66: 0 | L66: 0 | M66: 0 | N66: 0 | O66: 0 | P66: 0 | Q66: 0 | R66: =G66+S66 -> 0 | S66: 0 | T66: =U66+V66+W66 -> 16 | U66: 0 | V66: 16 | W66: 0 | X66: 0 | Y66: 0 | Z66: =SUM(AA66:AI66) -> 0 | AA66: 0 | AB66: 0 | AC66: 0 | AD66: 0 | AE66: 0 | AF66: 0 | AG66: 0 | AH66: 0 | AI66: 0 | AJ66: 0 | AK66: 0 | AL66: 0 | AM66: 0 | AN66: 7 | AO66: 0 | AP66: =SUM(E66:AO66)-Z66-J66-T66-R66 -> 199 | AR66: 43564 | AS66: 0.44791667 | AT66: NWP | AU66: 10 | AV66: YSI 2030 | AW66: 9.2 | AX66: 102 | AY66: 1.81 | AZ66: 0.9 | BA66: 20.4 | BB66: 762.5 | BC66: 6.5 | BD66: 0 | BE66: 0 | BF66: 3 | BG66: 0.61
A67: 43564 | B67: NWP | C67: FB250 | E67: 3018 | F67: 1008 | G67: 2 | H67: 6377 | I67: 0 | J67: =P67+O67+N67+M67+L67+K67 -> 0 | K67: 0 | L67: 0 | M67: 0 | N67: 0 | O67: 0 | P67: 0 | Q67: 2 | R67: =G67+S67 -> 2 | S67: 0 | T67: =U67+V67+W67 -> 0 | U67: 0 | V67: 0 | W67: 0 | X67: 0 | Y67: 0 | Z67: =SUM(AA67:AI67) -> 10 | AA67: 0 | AB67: 10 | AC67: 0 | AD67: 0 | AE67: 0 | AF67: 0 | AG67: 0 | AH67: 0 | AI67: 0 | AJ67: 0 | AK67: 0 | AL67: 0 | AM67: 27 | AN67: 28 | AO67: 0 | AP67: =SUM(E67:AO67)-Z67-J67-T67-R67 -> 10472 | AR67: 43564 | AS67: 0.44791667 | AT67: NWP | AU67: 10 | AV67: YSI 2030 | AW67: 9.2 | AX67: 102 | AY67: 1.81 | AZ67: 0.9 | BA67: 20.4 | BB67: 762.5 | BC67: 6.5 | BD67: 0 | BE67: 0 | BF67: 3 | BG67: 0.61
A68: 43565 | B68: NEC | C68: CORE | E68: 10 | F68: 23 | G68: 0 | H68: 0 | I68: 0 | J68: =P68+O68+N68+M68+L68+K68 -> 0 | K68: 0 | L68: 0 | M68: 0 | N68: 0 | O68: 0 | P68: 0 | Q68: 0 | R68: =G68+S68 -> 0 | S68: 0 | T68: =U68+V68+W68 -> 9 | U68: 0 | V68: 9 | W68: 0 | X68: 0 | Y68: 0 | Z68: =SUM(AA68:AI68) -> 0 | AA68: 0 | AB68: 0 | AC68: 0 | AD68: 0 | AE68: 0 | AF68: 0 | AG68: 0 | AH68: 0 | AI68: 0 | AJ68: 0 | AK68: 0 | AL68: 0 | AM68: 0 | AN68: 0 | AO68: 0 | AP68: =SUM(E68:AO68)-Z68-J68-T68-R68 -> 42 | AR68: 43565 | AS68: 0.75347222 | AT68: NEC | AU68: 10 | AV68: YSI 2030 | AW68: 10.4 | AX68: 134 | AY68: 43.03 | AZ68: 27.8 | BA68: 22.3 | BB68: 763.3 | BC68: 7.82 | BD68: - | BE68: - | BF68: - | BG68: -
A69: 43565 | B69: NEC | C69: FB250 | E69: 7 | F69: 170 | G69: 5 | H69: 0 | I69: 2 | J69: =P69+O69+N69+M69+L69+K69 -> 0 | K69: 0 | L69: 0 | M69: 0 | N69: 0 | O69: 0 | P69: 0 | Q69: 0 | R69: =G69+S69 -> 5 | S69: 0 | T69: =U69+V69+W69 -> 0 | U69: 0 | V69: 0 | W69: 0 | X69: 0 | Y69: 0 | Z69: =SUM(AA69:AI69) -> 0 | AA69: 0 | AB69: 0 | AC69: 0 | AD69: 0 | AE69: 0 | AF69: 0 | AG69: 0 | AH69: 0 | AI69: 0 | AJ69: 0 | AK69: 0 | AL69: 0 | AM69: 0 | AN69: 0 | AO69: 0 | AP69: =SUM(E69:AO69)-Z69-J69-T69-R69 -> 184 | AR69: 43565 | AS69: 0.75347222 | AT69: NEC | AU69: 10 | AV69: YSI 2030 | AW69: 10.4 | AX69: 134 | AY69: 43.03 | AZ69: 27.8 | BA69: 22.3 | BB69: 763.3 | BC69: 7.82 | BD69: - | BE69: - | BF69: - | BG69: -
A70: 43565 | B70: NMC | C70: CORE | E70: 3 | F70: 10 | G70: 1 | H70: 0 | I70: 0 | J70: =P70+O70+N70+M70+L70+K70 -> 0 | K70: 0 | L70: 0 | M70: 0 | N70: 0 | O70: 0 | P70: 0 | Q70: 0 | R70: =G70+S70 -> 1 | S70: 0 | T70: =U70+V70+W70 -> 65 | U70: 0 | V70: 64 | W70: 1 | X70: 0 | Y70: 0 | Z70: =SUM(AA70:AI70) -> 0 | AA70: 0 | AB70: 0 | AC70: 0 | AD70: 0 | AE70: 0 | AF70: 0 | AG70: 0 | AH70: 0 | AI70: 0 | AJ70: 0 | AK70: 0 | AL70: 0 | AM70: 0 | AN70: 0 | AO70: 0 | AP70: =SUM(E70:AO70)-Z70-J70-T70-R70 -> 79 | AR70: 43565 | AS70: - | AT70: NMC | AU70: 10 | AV70: YSI 2030 | AW70: 11.6 | AX70: 154 | AY70: 42.35 | AZ70: 26.7 | BA70: 21.3 | BB70: 763.3 | BC70: 7.77 | BD70: - | BE70: - | BF70: - | BG70: -
A71: 43565 | B71: NMC | C71: FB250 | E71: 3 | F71: 15 | G71: 6 | H71: 0 | I71: 0 | J71: =P71+O71+N71+M71+L71+K71 -> 0 | K71: 0 | L71: 0 | M71: 0 | N71: 0 | O71: 0 | P71: 0 | Q71: 0 | R71: =G71+S71 -> 6 | S71: 0 | T71: =U71+V71+W71 -> 0 | U71: 0 | V71: 0 | W71: 0 | X71: 0 | Y71: 0 | Z71: =SUM(AA71:AI71) -> 0 | AA71: 0 | AB71: 0 | AC71: 0 | AD71: 0 | AE71: 0 | AF71: 0 | AG71: 0 | AH71: 0 | AI71: 0 | AJ71: 0 | AK71: 0 | AL71: 0 | AM71: 0 | AN71: 0 | AO71: 0 | AP71: =SUM(E71:AO71)-Z71-J71-T71-R71 -> 24 | AR71: 43565 | AS71: - | AT71: NMC | AU71: 10 | AV71: YSI 2030 | AW71: 11.6 | AX71: 154 | AY71: 42.35 | AZ71: 26.7 | BA71: 21.3 | BB71: 763.3 | BC71: 7.77 | BD71: - | BE71: - | BF71: - | BG71: -
A72: 43565 | B72: VCC7 | C72: CORE-a+b | E72: 0 | F72: 0 | G72: 0 | H72: 15 | I72: 0 | J72: =P72+O72+N72+M72+L72+K72 -> 1 | K72: 0 | L72: 1 | M72: 0 | N72: 0 | O72: 0 | P72: 0 | Q72: 0 | R72: =G72+S72 -> 0 | S72: 0 | T72: =U72+V72+W72 -> 0 | U72: 0 | V72: 0 | W72: 0 | X72: 0 | Y72: 0 | Z72: =SUM(AA72:AI72) -> 0 | AA72: 0 | AB72: 0 | AC72: 0 | AD72: 0 | AE72: 0 | AF72: 0 | AG72: 0 | AH72: 0 | AI72: 0 | AJ72: 0 | AK72: 0 | AL72: 0 | AM72: 0 | AN72: 0 | AO72: 0 | AP72: =SUM(E72:AO72)-Z72-J72-T72-R72 -> 16 | AR72: 43565 | AS72: 0.45833333 | AT72: VCC7 | AU72: 5 | AV72: YSI 2030 | AW72: 8.4 | AX72: 113 | AY72: 0.0003 | AZ72: 0 | BA72: 32.8 | BB72: 761.6 | BC72: 6.8 | BD72: 0 | BE72: 0 | BF72: 0.05 | BG72: 0.05
A73: 43565 | B73: VCC7 | C73: FB250 | E73: 785 | F73: 720 | G73: 2 | H73: 5000 | I73: 0 | J73: =P73+O73+N73+M73+L73+K73 -> 14 | K73: 0 | L73: 14 | M73: 0 | N73: 0 | O73: 0 | P73: 0 | Q73: 0 | R73: =G73+S73 -> 2 | S73: 0 | T73: =U73+V73+W73 -> 0 | U73: 0 | V73: 0 | W73: 0 | X73: 0 | Y73: 2 | Z73: =SUM(AA73:AI73) -> 3 | AA73: 0 | AB73: 3 | AC73: 0 | AD73: 0 | AE73: 0 | AF73: 0 | AG73: 0 | AH73: 0 | AI73: 0 | AJ73: 0 | AK73: 0 | AL73: 0 | AM73: 0 | AN73: 0 | AO73: 0 | AP73: =SUM(E73:AO73)-Z73-J73-T73-R73 -> 6526 | AR73: 43565 | AS73: 0.45833333 | AT73: VCC7 | AU73: 5 | AV73: YSI 2030 | AW73: 8.4 | AX73: 113 | AY73: 0.0003 | AZ73: 0 | BA73: 32.8 | BB73: 761.6 | BC73: 6.8 | BD73: 76 | BE73: 0 | BF73: 2 | BG73: 0.05
A74: 43565 | B74: VDSN | C74: CORE-a+b | E74: 153 | F74: 9 | G74: 0 | H74: 196 | I74: 33 | J74: =P74+O74+N74+M74+L74+K74 -> 26 | K74: 1 | L74: 25 | M74: 0 | N74: 0 | O74: 0 | P74: 0 | Q74: 0 | R74: =G74+S74 -> 0 | S74: 0 | T74: =U74+V74+W74 -> 0 | U74: 0 | V74: 0 | W74: 0 | X74: 0 | Y74: 0 | Z74: =SUM(AA74:AI74) -> 0 | AA74: 0 | AB74: 0 | AC74: 0 | AD74: 0 | AE74: 0 | AF74: 0 | AG74: 0 | AH74: 0 | AI74: 0 | AJ74: 0 | AK74: 0 | AL74: 0 | AM74: 0 | AN74: 0 | AO74: 0 | AP74: =SUM(E74:AO74)-Z74-J74-T74-R74 -> 417 | AR74: 43565 | AS74: 0.55902778 | AT74: VDSN | AU74: 10 | AV74: YSI 2030 | AW74: 3.9 | AX74: 45 | AY74: 0.076 | AZ74: 0 | BA74: 23.5 | BB74: 761.5 | BC74: 6.1 | BD74: 0 | BE74: 0 | BF74: 2 | BG74: 0.19
A75: 43565 | B75: VDSN | C75: FB250 | E75: 2112 | F75: 216 | G75: 0 | H75: 17744 | I75: 192 | J75: =P75+O75+N75+M75+L75+K75 -> 46 | K75: 0 | L75: 28 | M75: 0 | N75: 18 | O75: 0 | P75: 0 | Q75: 0 | R75: =G75+S75 -> 0 | S75: 0 | T75: =U75+V75+W75 -> 0 | U75: 0 | V75: 0 | W75: 0 | X75: 0 | Y75: 0 | Z75: =SUM(AA75:AI75) -> 2 | AA75: 1 | AB75: 1 | AC75: 0 | AD75: 0 | AE75: 0 | AF75: 0 | AG75: 0 | AH75: 0 | AI75: 0 | AJ75: 0 | AK75: 0 | AL75: 0 | AM75: 0 | AN75: 0 | AO75: 0 | AP75: =SUM(E75:AO75)-Z75-J75-T75-R75 -> 20312 | AR75: 43565 | AS75: 0.55902778 | AT75: VDSN | AU75: 10 | AV75: YSI 2030 | AW75: 3.9 | AX75: 45 | AY75: 0.076 | AZ75: 0 | BA75: 23.5 | BB75: 761.5 | BC75: 6.1 | BD75: 0 | BE75: 0 | BF75: 0.05 | BG75: 0.19
A76: 43566 | B76: CUL1 | C76: CORE | E76: 10 | F76: 52 | G76: 1 | H76: 0 | I76: 0 | J76: =P76+O76+N76+M76+L76+K76 -> 0 | K76: 0 | L76: 0 | M76: 0 | N76: 0 | O76: 0 | P76: 0 | Q76: 0 | R76: =G76+S76 -> 1 | S76: 0 | T76: =U76+V76+W76 -> 86 | U76: 0 | V76: 86 | W76: 0 | X76: 0 | Y76: 0 | Z76: =SUM(AA76:AI76) -> 1 | AA76: 1 | AB76: 0 | AC76: 0 | AD76: 0 | AE76: 0 | AF76: 0 | AG76: 0 | AH76: 0 | AI76: 0 | AJ76: 0 | AK76: 0 | AL76: 0 | AM76: 0 | AN76: 0 | AO76: 0 | AP76: =SUM(E76:AO76)-Z76-J76-T76-R76 -> 150 | AR76: 43566 | AS76: - | AT76: CUL1 | AU76: 10 | AV76: YSI 2030 | AW76: 11.2 | AX76: 150 | AY76: 57.8 | AZ76: 38.6 | BA76: 18.6 | BB76: 763.2 | BC76: 7.92 | BD76: - | BE76: - | BF76: - | BG76: -
A77: 43566 | B77: CUL1 | C77: FB250 | E77: 3 | F77: 161 | G77: 67 | H77: 0 | I77: 3 | J77: =P77+O77+N77+M77+L77+K77 -> 1 | K77: 0 | L77: 1 | M77: 0 | N77: 0 | O77: 0 | P77: 0 | Q77: 0 | R77: =G77+S77 -> 67 | S77: 0 | T77: =U77+V77+W77 -> 0 | U77: 0 | V77: 0 | W77: 0 | X77: 0 | Y77: 0 | Z77: =SUM(AA77:AI77) -> 0 | AA77: 0 | AB77: 0 | AC77: 0 | AD77: 0 | AE77: 0 | AF77: 0 | AG77: 0 | AH77: 0 | AI77: 0 | AJ77: 0 | AK77: 0 | AL77: 0 | AM77: 0 | AN77: 0 | AO77: 0 | AP77: =SUM(E77:AO77)-Z77-J77-T77-R77 -> 235 | AR77: 43566 | AS77: - | AT77: CUL1 | AU77: 10 | AV77: YSI 2030 | AW77: 11.2 | AX77: 150 | AY77: 57.8 | AZ77: 38.6 | BA77: 18.6 | BB77: 763.2 | BC77: 7.92 | BD77: - | BE77: - | BF77: - | BG77: -
A78: 43566 | B78: MO1 | C78: CORE | E78: 7 | F78: 44 | G78: 0 | H78: 0 | I78: 42 | J78: =P78+O78+N78+M78+L78+K78 -> 0 | K78: 0 | L78: 0 | M78: 0 | N78: 0 | O78: 0 | P78: 0 | Q78: 0 | R78: =G78+S78 -> 0 | S78: 0 | T78: =U78+V78+W78 -> 5 | U78: 0 | V78: 0 | W78: 5 | X78: 0 | Y78: 0 | Z78: =SUM(AA78:AI78) -> 0 | AA78: 0 | AB78: 0 | AC78: 0 | AD78: 0 | AE78: 0 | AF78: 0 | AG78: 0 | AH78: 0 | AI78: 0 | AJ78: 0 | AK78: 0 | AL78: 0 | AM78: 0 | AN78: 0 | AO78: 0 | AP78: =SUM(E78:AO78)-Z78-J78-T78-R78 -> 98 | AR78: 43566 | AS78: - | AT78: MO1 | AU78: 10 | AV78: YSI 2030 | AW78: 9.5 | AX78: 115 | AY78: 44.01 | AZ78: 28.5 | BA78: 16.2 | BB78: 763.6 | BC78: 7.83 | BD78: - | BE78: - | BF78: - | BG78: -
A79: 43566 | B79: MO1 | C79: FB250 | E79: 0 | F79: 85 | G79: 3 | H79: 0 | I79: 0 | J79: =P79+O79+N79+M79+L79+K79 -> 0 | K79: 0 | L79: 0 | M79: 0 | N79: 0 | O79: 0 | P79: 0 | Q79: 0 | R79: =G79+S79 -> 3 | S79: 0 | T79: =U79+V79+W79 -> 0 | U79: 0 | V79: 0 | W79: 0 | X79: 0 | Y79: 0 | Z79: =SUM(AA79:AI79) -> 0 | AA79: 0 | AB79: 0 | AC79: 0 | AD79: 0 | AE79: 0 | AF79: 0 | AG79: 0 | AH79: 0 | AI79: 0 | AJ79: 0 | AK79: 0 | AL79: 0 | AM79: 0 | AN79: 0 | AO79: 0 | AP79: =SUM(E79:AO79)-Z79-J79-T79-R79 -> 88 | AR79: 43566 | AS79: - | AT79: MO1 | AU79: 10 | AV79: YSI 2030 | AW79: 9.5 | AX79: 115 | AY79: 44.01 | AZ79: 28.5 | BA79: 16.2 | BB79: 763.6 | BC79: 7.83 | BD79: - | BE79: - | BF79: - | BG79: -
A80: 43569 | B80: NVBR | C80: CORE | E80: 66 | F80: 3 | G80: 1 | H80: 0 | I80: 0 | J80: =P80+O80+N80+M80+L80+K80 -> 3 | K80: 0 | L80: 1 | M80: 2 | N80: 0 | O80: 0 | P80: 0 | Q80: 0 | R80: =G80+S80 -> 1 | S80: 0 | T80: =U80+V80+W80 -> 110 | U80: 0 | V80: 110 | W80: 0 | X80: 0 | Y80: 0 | Z80: =SUM(AA80:AI80) -> 1 | AA80: 1 | AB80: 0 | AC80: 0 | AD80: 0 | AE80: 0 | AF80: 0 | AG80: 0 | AH80: 0 | AI80: 0 | AJ80: 0 | AK80: 0 | AL80: 0 | AM80: 0 | AN80: 0 | AO80: 0 | AP80: =SUM(E80:AO80)-Z80-J80-T80-R80 -> 184 | AR80: 43569 | AS80: 0.53472222 | AT80: NVBR | AU80: 10 | AV80: YSI 2030 | AW80: 11.2 | AX80: 154 | AY80: 48.64 | AZ80: 31.8 | BA80: 22.1 | BB80: 761 | BC80: 7.96 | BD80: - | BE80: - | BF80: - | BG80: -
A81: 43569 | B81: NVBR | C81: FB250 | E81: 41 | F81: 47 | G81: 10 | H81: 0 | I81: 0 | J81: =P81+O81+N81+M81+L81+K81 -> 0 | K81: 0 | L81: 0 | M81: 0 | N81: 0 | O81: 0 | P81: 0 | Q81: 1 | R81: =G81+S81 -> 10 | S81: 0 | T81: =U81+V81+W81 -> 0 | U81: 0 | V81: 0 | W81: 0 | X81: 0 | Y81: 0 | Z81: =SUM(AA81:AI81) -> 0 | AA81: 0 | AB81: 0 | AC81: 0 | AD81: 0 | AE81: 0 | AF81: 0 | AG81: 0 | AH81: 0 | AI81: 0 | AJ81: 0 | AK81: 0 | AL81: 0 | AM81: 1 | AN81: 0 | AO81: 0 | AP81: =SUM(E81:AO81)-Z81-J81-T81-R81 -> 100 | AR81: 43569 | AS81: 0.53472222 | AT81: NVBR | AU81: 10 | AV81: YSI 2030 | AW81: 11.2 | AX81: 154 | AY81: 48.64 | AZ81: 31.8 | BA81: 22.1 | BB81: 761 | BC81: 7.96 | BD81: - | BE81: - | BF81: - | BG81: -
A82: 43569 | B82: VBR1 | C82: CORE | E82: 0 | F82: 9 | G82: 0 | H82: 0 | I82: 0 | J82: =P82+O82+N82+M82+L82+K82 -> 1 | K82: 0 | L82: 0 | M82: 1 | N82: 0 | O82: 0 | P82: 0 | Q82: 0 | R82: =G82+S82 -> 0 | S82: 0 | T82: =U82+V82+W82 -> 73 | U82: 0 | V82: 73 | W82: 0 | X82: 0 | Y82: 0 | Z82: =SUM(AA82:AI82) -> 0 | AA82: 0 | AB82: 0 | AC82: 0 | AD82: 0 | AE82: 0 | AF82: 0 | AG82: 0 | AH82: 0 | AI82: 0 | AJ82: 0 | AK82: 0 | AL82: 0 | AM82: 0 | AN82: 0 | AO82: 0 | AP82: =SUM(E82:AO82)-Z82-J82-T82-R82 -> 83 | AR82: 43569 | AS82: 0.625 | AT82: VBR1 | AU82: 10 | AV82: YSI 2030 | AW82: 13.6 | AX82: 189 | AY82: 48.5 | AZ82: 31.9 | BA82: 22.1 | BB82: 761.9 | BC82: 7.94 | BD82: - | BE82: - | BF82: - | BG82: -
A83: 43569 | B83: VBR1 | C83: FB250 | E83: 7 | F83: 32 | G83: 14 | H83: 0 | I83: 0 | J83: =P83+O83+N83+M83+L83+K83 -> 0 | K83: 0 | L83: 0 | M83: 0 | N83: 0 | O83: 0 | P83: 0 | Q83: 0 | R83: =G83+S83 -> 14 | S83: 0 | T83: =U83+V83+W83 -> 0 | U83: 0 | V83: 0 | W83: 0 | X83: 0 | Y83: 0 | Z83: =SUM(AA83:AI83) -> 0 | AA83: 0 | AB83: 0 | AC83: 0 | AD83: 0 | AE83: 0 | AF83: 0 | AG83: 0 | AH83: 0 | AI83: 0 | AJ83: 0 | AK83: 1 | AL83: 0 | AM83: 2 | AN83: 0 | AO83: 0 | AP83: =SUM(E83:AO83)-Z83-J83-T83-R83 -> 56 | AR83: 43569 | AS83: 0.625 | AT83: VBR1 | AU83: 10 | AV83: YSI 2030 | AW83: 13.6 | AX83: 189 | AY83: 48.5 | AZ83: 31.9 | BA83: 22.1 | BB83: 761.9 | BC83: 7.94 | BD83: - | BE83: - | BF83: - | BG83: -
A84: 43570 | B84: VM3 | C84: FB250 | E84: 697 | F84: 63 | G84: 0 | H84: 4418 | I84: 2 | J84: =P84+O84+N84+M84+L84+K84 -> 0 | K84: 0 | L84: 0 | M84: 0 | N84: 0 | O84: 0 | P84: 0 | Q84: 0 | R84: =G84+S84 -> 0 | S84: 0 | T84: =U84+V84+W84 -> 0 | U84: 0 | V84: 0 | W84: 0 | X84: 0 | Y84: 0 | Z84: =SUM(AA84:AI84) -> 6 | AA84: 0 | AB84: 6 | AC84: 0 | AD84: 0 | AE84: 0 | AF84: 0 | AG84: 0 | AH84: 0 | AI84: 0 | AJ84: 0 | AK84: 0 | AL84: 0 | AM84: 1 | AN84: 0 | AO84: 0 | AP84: =SUM(E84:AO84)-Z84-J84-T84-R84 -> 5187 | AR84: 43570 | AS84: 12:30 | AT84: VM3 | AU84: 10 | AV84: YSI 2030 | AW84: 18.1 | AX84: 208 | AY84: 0.001 | AZ84: 0 | BA84: 22.1 | BB84: 759.1 | BC84: 8.1 | BD84: 6 | BE84: 0 | BF84: 7 | BG84: 0.3
A85: 43570 | B85: VM3 | C85: SW1 | E85: 900 | F85: 5 | G85: 0 | H85: 321 | I85: 0 | J85: =P85+O85+N85+M85+L85+K85 -> 0 | K85: 0 | L85: 0 | M85: 0 | N85: 0 | O85: 0 | P85: 0 | Q85: 0 | R85: =G85+S85 -> 0 | S85: 0 | T85: =U85+V85+W85 -> 0 | U85: 0 | V85: 0 | W85: 0 | X85: 0 | Y85: 0 | Z85: =SUM(AA85:AI85) -> 6 | AA85: 0 | AB85: 6 | AC85: 0 | AD85: 0 | AE85: 0 | AF85: 0 | AG85: 0 | AH85: 0 | AI85: 0 | AJ85: 0 | AK85: 0 | AL85: 0 | AM85: 0 | AN85: 0 | AO85: 0 | AP85: =SUM(E85:AO85)-Z85-J85-T85-R85 -> 1232 | AR85: 43570 | AS85: 12:30 | AT85: VM3 | AU85: 10 | AV85: YSI 2030 | AW85: 18.1 | AX85: 208 | AY85: 0.001 | AZ85: 0 | BA85: 22.1 | BB85: 759.1 | BC85: 8.1 | BD85: 1 | BE85: 0 | BF85: 2 | BG85: 0.3
A86: 43570 | B86: VM7 | C86: FB250 | E86: 199 | F86: 219 | G86: 0 | H86: 16750 | I86: 31 | J86: =P86+O86+N86+M86+L86+K86 -> 12 | K86: 0 | L86: 1 | M86: 0 | N86: 11 | O86: 0 | P86: 0 | Q86: 0 | R86: =G86+S86 -> 0 | S86: 0 | T86: =U86+V86+W86 -> 0 | U86: 0 | V86: 0 | W86: 0 | X86: 0 | Y86: 0 | Z86: =SUM(AA86:AI86) -> 0 | AA86: 0 | AB86: 0 | AC86: 0 | AD86: 0 | AE86: 0 | AF86: 0 | AG86: 0 | AH86: 0 | AI86: 0 | AJ86: 0 | AK86: 0 | AL86: 0 | AM86: 0 | AN86: 0 | AO86: 0 | AP86: =SUM(E86:AO86)-Z86-J86-T86-R86 -> 17211 | AR86: 43570 | AS86: 0.47916667 | AT86: VM7 | AU86: 10 | AV86: YSI 2030 | AW86: 7 | AX86: 80 | AY86: 0.0603 | AZ86: 0 | BA86: 21.6 | BB86: 759.1 | BC86: 6.9 | BD86: 4 | BE86: 0 | BF86: 2 | BG86: 0.12
A87: 43570 | B87: VM7 | C87: SW1 | E87: 34 | F87: 3 | G87: 0 | H87: 95 | I87: 0 | J87: =P87+O87+N87+M87+L87+K87 -> 25 | K87: 0 | L87: 0 | M87: 0 | N87: 23 | O87: 2 | P87: 0 | Q87: 0 | R87: =G87+S87 -> 0 | S87: 0 | T87: =U87+V87+W87 -> 0 | U87: 0 | V87: 0 | W87: 0 | X87: 0 | Y87: 0 | Z87: =SUM(AA87:AI87) -> 5 | AA87: 0 | AB87: 1 | AC87: 0 | AD87: 0 | AE87: 0 | AF87: 4 | AG87: 0 | AH87: 0 | AI87: 0 | AJ87: 0 | AK87: 0 | AL87: 0 | AM87: 0 | AN87: 0 | AO87: 0 | AP87: =SUM(E87:AO87)-Z87-J87-T87-R87 -> 162 | AR87: 43570 | AS87: 0.47916667 | AT87: VM7 | AU87: 10 | AV87: YSI 2030 | AW87: 7 | AX87: 80 | AY87: 0.0603 | AZ87: 0 | BA87: 21.6 | BB87: 759.1 | BC87: 6.9 | BD87: 28 | BE87: 0 | BF87: 7 | BG87: 0.12
A88: 43573 | B88: DSP | C88: CORE | E88: 91 | F88: 0 | G88: 0 | H88: 387 | I88: 2 | J88: =P88+O88+N88+M88+L88+K88 -> 2 | K88: 0 | L88: 2 | M88: 0 | N88: 0 | O88: 0 | P88: 0 | Q88: 0 | R88: =G88+S88 -> 0 | S88: 0 | T88: =U88+V88+W88 -> 5 | U88: 0 | V88: 5 | W88: 0 | X88: 0 | Y88: 0 | Z88: =SUM(AA88:AI88) -> 0 | AA88: 0 | AB88: 0 | AC88: 0 | AD88: 0 | AE88: 0 | AF88: 0 | AG88: 0 | AH88: 0 | AI88: 0 | AJ88: 0 | AK88: 0 | AL88: 0 | AM88: 5 | AN88: 0 | AO88: 0 | AP88: =SUM(E88:AO88)-Z88-J88-T88-R88 -> 492 | AR88: 43573 | AS88: 0.4375 | AT88: DSP | AU88: 10 | AV88: YSI 2030 | AW88: 2.6 | AX88: 29 | AY88: 1.42 | AZ88: 0.7 | BA88: 20.7 | BB88: 765.2 | BC88: 6.78 | BD88: - | BE88: - | BF88: - | BG88: -
A89: 43573 | B89: NDC | C89: CORE | E89: 38 | F89: 7 | G89: 0 | H89: 56 | I89: 1 | J89: =P89+O89+N89+M89+L89+K89 -> 0 | K89: 0 | L89: 0 | M89: 0 | N89: 0 | O89: 0 | P89: 0 | Q89: 0 | R89: =G89+S89 -> 0 | S89: 0 | T89: =U89+V89+W89 -> 0 | U89: 0 | V89: 0 | W89: 0 | X89: 0 | Y89: 0 | Z89: =SUM(AA89:AI89) -> 0 | AA89: 0 | AB89: 0 | AC89: 0 | AD89: 0 | AE89: 0 | AF89: 0 | AG89: 0 | AH89: 0 | AI89: 0 | AJ89: 0 | AK89: 0 | AL89: 0 | AM89: 0 | AN89: 0 | AO89: 0 | AP89: =SUM(E89:AO89)-Z89-J89-T89-R89 -> 102 | AR89: 43573 | AS89: 0.47222222 | AT89: NDC | AU89: 2 | AV89: YSI 2030 | AW89: 11.4 | AX89: 132 | AY89: 3.064 | AZ89: 1.6 | BA89: 22.1 | BB89: 764.6 | BC89: 8.25 | BD89: 0 | BE89: 0 | BF89: 2 | BG89: 5 | BH89: Full of red water plants
A90: 43573 | B90: NDC | C90: FB250 | E90: 103 | F90: 67 | G90: 1 | H90: 327 | I90: 0 | J90: =P90+O90+N90+M90+L90+K90 -> 0 | K90: 0 | L90: 0 | M90: 0 | N90: 0 | O90: 0 | P90: 0 | Q90: 0 | R90: =G90+S90 -> 1 | S90: 0 | T90: =U90+V90+W90 -> 0 | U90: 0 | V90: 0 | W90: 0 | X90: 0 | Y90: 0 | Z90: =SUM(AA90:AI90) -> 0 | AA90: 0 | AB90: 0 | AC90: 0 | AD90: 0 | AE90: 0 | AF90: 0 | AG90: 0 | AH90: 0 | AI90: 0 | AJ90: 0 | AK90: 0 | AL90: 0 | AM90: 0 | AN90: 1 | AO90: 0 | AP90: =SUM(E90:AO90)-Z90-J90-T90-R90 -> 499 | AR90: 43573 | AS90: 0.47222222 | AT90: NDC | AU90: 2 | AV90: YSI 2030 | AW90: 11.4 | AX90: 132 | AY90: 3.064 | AZ90: 1.6 | BA90: 22.1 | BB90: 764.6 | BC90: 8.25 | BD90: 0 | BE90: 0 | BF90: 2 | BG90: 5 | BH90: Full of red water plants
A91: 43586 | B91: VNVP10 | C91: CORE | E91: 110 | F91: 0 | G91: 0 | H91: 0 | I91: 0 | J91: =P91+O91+N91+M91+L91+K91 -> 9 | K91: 0 | L91: 9 | M91: 0 | N91: 0 | O91: 0 | P91: 0 | Q91: 0 | R91: =G91+S91 -> 0 | S91: 0 | T91: =U91+V91+W91 -> 1 | U91: 0 | V91: 0 | W91: 1 | X91: 0 | Y91: 0 | Z91: =SUM(AA91:AI91) -> 0 | AA91: 0 | AB91: 0 | AC91: 0 | AD91: 0 | AE91: 0 | AF91: 0 | AG91: 0 | AH91: 0 | AI91: 0 | AJ91: 0 | AK91: 0 | AL91: 0 | AM91: 1 | AN91: 0 | AO91: 0 | AP91: =SUM(E91:AO91)-Z91-J91-T91-R91 -> 121 | AR91: 43586 | AS91: 0.66666667 | AT91: NVP10 | AU91: 10 | AV91: YSI 2030 | AW91: 9.5 | AX91: 127 | AY91: 0.72 | AZ91: 0.3 | BA91: 30.5 | BB91: 757.4 | BC91: 7.8 | BD91: 1 | BE91: 0 | BF91: 6.5 | BG91: 0,25
A92: 43586 | B92: VNVP10 | C92: FB250 | E92: 28 | F92: 0 | G92: 0 | H92: 38 | I92: 0 | J92: =P92+O92+N92+M92+L92+K92 -> 0 | K92: 0 | L92: 0 | M92: 0 | N92: 0 | O92: 0 | P92: 0 | Q92: 0 | R92: =G92+S92 -> 0 | S92: 0 | T92: =U92+V92+W92 -> 0 | U92: 0 | V92: 0 | W92: 0 | X92: 0 | Y92: 0 | Z92: =SUM(AA92:AI92) -> 2 | AA92: 2 | AB92: 0 | AC92: 0 | AD92: 0 | AE92: 0 | AF92: 0 | AG92: 0 | AH92: 0 | AI92: 0 | AJ92: 0 | AK92: 0 | AL92: 0 | AM92: 0 | AN92: 0 | AO92: 0 | AP92: =SUM(E92:AO92)-Z92-J92-T92-R92 -> 68 | AR92: 43586 | AS92: 0.66666667 | AT92: NVP10 | AU92: 10 | AV92: YSI 2030 | AW92: 9.5 | AX92: 127 | AY92: 0.72 | AZ92: 0.3 | BA92: 30.5 | BB92: 757.4 | BC92: 7.8 | BD92: 1 | BE92: 0 | BF92: 6.5 | BG92: 0,25
A93: 43586 | B93: VNVP10 | C93: SW1 | E93: 6 | F93: 0 | G93: 57 | H93: 85 | I93: 0 | J93: =P93+O93+N93+M93+L93+K93 -> 8 | K93: 0 | L93: 8 | M93: 0 | N93: 0 | O93: 0 | P93: 0 | Q93: 0 | R93: =G93+S93 -> 89 | S93: 32 | T93: =U93+V93+W93 -> 0 | U93: 0 | V93: 0 | W93: 0 | X93: 0 | Y93: 0 | Z93: =SUM(AA93:AI93) -> 0 | AA93: 0 | AB93: 0 | AC93: 0 | AD93: 0 | AE93: 0 | AF93: 0 | AG93: 0 | AH93: 0 | AI93: 0 | AJ93: 0 | AK93: 1 | AL93: 0 | AM93: 0 | AN93: 0 | AO93: 0 | AP93: =SUM(E93:AO93)-Z93-J93-T93-R93 -> 189 | AR93: 43586 | AS93: 0.66666667 | AT93: NVP10 | AU93: 10 | AV93: YSI 2030 | AW93: 9.5 | AX93: 127 | AY93: 0.72 | AZ93: 0.3 | BA93: 30.5 | BB93: 757.4 | BC93: 7.8 | BD93: 1 | BE93: 0 | BF93: 6.5 | BG93: 0,25
A94: 43586 | B94: VNVP2 | C94: CORE | E94: 152 | F94: 0 | G94: 0 | H94: 0 | I94: 2 | J94: =P94+O94+N94+M94+L94+K94 -> 0 | K94: 0 | L94: 0 | M94: 0 | N94: 0 | O94: 0 | P94: 0 | Q94: 0 | R94: =G94+S94 -> 0 | S94: 0 | T94: =U94+V94+W94 -> 0 | U94: 0 | V94: 0 | W94: 0 | X94: 0 | Y94: 0 | Z94: =SUM(AA94:AI94) -> 0 | AA94: 0 | AB94: 0 | AC94: 0 | AD94: 0 | AE94: 0 | AF94: 0 | AG94: 0 | AH94: 0 | AI94: 0 | AJ94: 0 | AK94: 0 | AL94: 0 | AM94: 0 | AN94: 0 | AO94: 0 | AP94: =SUM(E94:AO94)-Z94-J94-T94-R94 -> 154 | AR94: 43586 | AS94: 0.61458333 | AT94: NVP2 | AU94: 10 | AV94: YSI 2030 | AW94: 8 | AX94: 103 | AY94: 0.0007 | AZ94: 0 | BA94: 28.3 | BB94: 759.5 | BC94: 7.8 | BD94: 0 | BE94: 0 | BF94: 18 | BG94: 0.2
A95: 43586 | B95: VNVP2 | C95: FB250 | E95: 4 | F95: 18 | G95: 1 | H95: 272 | I95: 0 | J95: =P95+O95+N95+M95+L95+K95 -> 0 | K95: 0 | L95: 0 | M95: 0 | N95: 0 | O95: 0 | P95: 0 | Q95: 0 | R95: =G95+S95 -> 1 | S95: 0 | T95: =U95+V95+W95 -> 0 | U95: 0 | V95: 0 | W95: 0 | X95: 0 | Y95: 0 | Z95: =SUM(AA95:AI95) -> 0 | AA95: 0 | AB95: 0 | AC95: 0 | AD95: 0 | AE95: 0 | AF95: 0 | AG95: 0 | AH95: 0 | AI95: 0 | AJ95: 0 | AK95: 0 | AL95: 0 | AM95: 0 | AN95: 0 | AO95: 0 | AP95: =SUM(E95:AO95)-Z95-J95-T95-R95 -> 295 | AR95: 43586 | AS95: 0.61458333 | AT95: NVP2 | AU95: 10 | AV95: YSI 2030 | AW95: 8 | AX95: 103 | AY95: 0.0007 | AZ95: 0 | BA95: 28.3 | BB95: 759.5 | BC95: 7.8 | BD95: 0 | BE95: 0 | BF95: 18 | BG95: 0.2
A96: 43586 | B96: VNVP2 | C96: SW1 | E96: 9 | F96: 0 | G96: 110 | H96: 1346 | I96: 0 | J96: =P96+O96+N96+M96+L96+K96 -> 0 | K96: 0 | L96: 0 | M96: 0 | N96: 0 | O96: 0 | P96: 0 | Q96: 0 | R96: =G96+S96 -> 114 | S96: 4 | T96: =U96+V96+W96 -> 0 | U96: 0 | V96: 0 | W96: 0 | X96: 0 | Y96: 0 | Z96: =SUM(AA96:AI96) -> 0 | AA96: 0 | AB96: 0 | AC96: 0 | AD96: 0 | AE96: 0 | AF96: 0 | AG96: 0 | AH96: 0 | AI96: 0 | AJ96: 0 | AK96: 1 | AL96: 0 | AM96: 0 | AN96: 0 | AO96: 0 | AP96: =SUM(E96:AO96)-Z96-J96-T96-R96 -> 1470 | AR96: 43586 | AS96: 0.61458333 | AT96: NVP2 | AU96: 10 | AV96: YSI 2030 | AW96: 8 | AX96: 103 | AY96: 0.0007 | AZ96: 0 | BA96: 28.3 | BB96: 759.5 | BC96: 7.8 | BD96: 0 | BE96: 0 | BF96: 18 | BG96: 0.2
A97: 43586 | B97: VNVP4 | C97: CORE | E97: 36 | F97: 2 | G97: 0 | H97: 3 | I97: 1 | J97: =P97+O97+N97+M97+L97+K97 -> 2 | K97: 0 | L97: 2 | M97: 0 | N97: 0 | O97: 0 | P97: 0 | Q97: 0 | R97: =G97+S97 -> 0 | S97: 0 | T97: =U97+V97+W97 -> 0 | U97: 0 | V97: 0 | W97: 0 | X97: 0 | Y97: 0 | Z97: =SUM(AA97:AI97) -> 0 | AA97: 0 | AB97: 0 | AC97: 0 | AD97: 0 | AE97: 0 | AF97: 0 | AG97: 0 | AH97: 0 | AI97: 0 | AJ97: 0 | AK97: 0 | AL97: 0 | AM97: 0 | AN97: 0 | AO97: 0 | AP97: =SUM(E97:AO97)-Z97-J97-T97-R97 -> 44 | AR97: 43586 | AS97: 0.5625 | AT97: NVP4 | AU97: 5 | AV97: YSI 2030 | AW97: 15.76 | AX97: 183 | AY97: 0.204 | AZ97: 0.1 | BA97: 22.7 | BB97: 760.5 | BC97: 9.2 | BD97: 0 | BE97: 0 | BF97: 10 | BG97: 0.05 | BH97: Maximum pool depth 10 cm
A98: 43586 | B98: VNVP4 | C98: FB250 | E98: 0 | F98: 1632 | G98: 0 | H98: 19 | I98: 0 | J98: =P98+O98+N98+M98+L98+K98 -> 0 | K98: 0 | L98: 0 | M98: 0 | N98: 0 | O98: 0 | P98: 0 | Q98: 0 | R98: =G98+S98 -> 0 | S98: 0 | T98: =U98+V98+W98 -> 0 | U98: 0 | V98: 0 | W98: 0 | X98: 0 | Y98: 0 | Z98: =SUM(AA98:AI98) -> 0 | AA98: 0 | AB98: 0 | AC98: 0 | AD98: 0 | AE98: 0 | AF98: 0 | AG98: 0 | AH98: 0 | AI98: 0 | AJ98: 0 | AK98: 0 | AL98: 0 | AM98: 0 | AN98: 0 | AO98: 0 | AP98: =SUM(E98:AO98)-Z98-J98-T98-R98 -> 1651 | AR98: 43586 | AS98: 0.5625 | AT98: NVP4 | AU98: 5 | AV98: YSI 2030 | AW98: 15.76 | AX98: 183 | AY98: 0.204 | AZ98: 0.1 | BA98: 22.7 | BB98: 760.5 | BC98: 9.2 | BD98: 0 | BE98: 0 | BF98: 10 | BG98: 0.05 | BH98: Maximum pool depth 10 cm
A99: 43586 | B99: VNVP4 | C99: SW1 | E99: 4 | F99: 2 | G99: 15 | H99: 173 | I99: 0 | J99: =P99+O99+N99+M99+L99+K99 -> 0 | K99: 0 | L99: 0 | M99: 0 | N99: 0 | O99: 0 | P99: 0 | Q99: 0 | R99: =G99+S99 -> 15 | S99: 0 | T99: =U99+V99+W99 -> 0 | U99: 0 | V99: 0 | W99: 0 | X99: 0 | Y99: 0 | Z99: =SUM(AA99:AI99) -> 0 | AA99: 0 | AB99: 0 | AC99: 0 | AD99: 0 | AE99: 0 | AF99: 0 | AG99: 0 | AH99: 0 | AI99: 0 | AJ99: 0 | AK99: 0 | AL99: 0 | AM99: 0 | AN99: 0 | AO99: 0 | AP99: =SUM(E99:AO99)-Z99-J99-T99-R99 -> 194 | AR99: 43586 | AS99: 0.5625 | AT99: NVP4 | AU99: 5 | AV99: YSI 2030 | AW99: 15.76 | AX99: 183 | AY99: 0.204 | AZ99: 0.1 | BA99: 22.7 | BB99: 760.5 | BC99: 9.2 | BD99: 0 | BE99: 0 | BF99: 10 | BG99: 0.05 | BH99: Maximum pool depth 10 cm
A100: 43587 | B100: VM3 | C100: CORE | E100: 260 | F100: 2 | G100: 0 | H100: 1 | I100: 0 | J100: =P100+O100+N100+M100+L100+K100 -> 0 | K100: 0 | L100: 0 | M100: 0 | N100: 0 | O100: 0 | P100: 0 | Q100: 0 | R100: =G100+S100 -> 0 | S100: 0 | T100: =U100+V100+W100 -> 0 | U100: 0 | V100: 0 | W100: 0 | X100: 0 | Y100: 0 | Z100: =SUM(AA100:AI100) -> 0 | AA100: 0 | AB100: 0 | AC100: 0 | AD100: 0 | AE100: 0 | AF100: 0 | AG100: 0 | AH100: 0 | AI100: 0 | AJ100: 0 | AK100: 0 | AL100: 0 | AM100: 0 | AN100: 0 | AO100: 0 | AP100: =SUM(E100:AO100)-Z100-J100-T100-R100 -> 263 | AR100: 43587 | AS100: 0.625 | AT100: VM3 | AU100: 10 | AV100: YSI 2030 | AW100: 8.5 | AX100: 109 | AY100: 0.329 | AZ100: 0.2 | BA100: 28.1 | BB100: 759.9 | BC100: 7.5 | BD100: 1 | BE100: 0 | BF100: 8 | BG100: 0.1
...

Sheet 2019 Data by Type
A1: Normalized Data | E1: CORE (# X 10.98) FB250 (# / 7.5) SW1 (# / 300)
A2: Date | B2: Site | C2: Sample Type | E2: Ostracod | F2: Copepod | G2: Hemiptera: Corixidae (boatman) | H2: Cladocera | I2: Nematode | J2: Diptera - TOTAL | K2: Dipteran sp. | L2: Diptera: Chironomid | M2: Diptera: Ceratopogonidae | N2: Diptera: Culicidae | O2: Diptera: Ephydridae | P2: Diptera: Stratiomyidae | Q2: Amphipod | R2: Hemiptera TOTAL | S2: Hemiptera-Notonectidae | T2: Annelida TOTAL | U2: Annelida Sp. | V2: Annelida: Oligochaete | W2: Annelida: Polychaete | X2: Ephemeroptera Sp. | Y2: Odonate | Z2: Coleoptera - TOTAL | AA2: Coleoptera sp. | AB2: Coleoptera: Dytiscidae | AC2: Coleoptera: Dytiscidae: Liodessus affinis | AD2: Coleoptera: Dytiscidae: Agabus | AE2: Coleoptera: Dytiscidae: Colymbetinae | AF2: Coleoptera: Curculionidae (Weavil) | AG2: Coleoptera - Hydrophilidae | AH2: Coleoperta Hydraenidae | AI2: Coleoptera- Gyrindae- Gyrinini | AJ2: Tipulidae Larva | AK2: Arachnida: Acari (mite) | AL2: Trichoptera Sp. | AM2: Collembola (Springtail) | AN2: Gastropod - snail | AO2: Clam Shrimp | AP2: Total # | AR2: Date | AS2: Time | AT2: Site | AU2: WQ Measurement Depth (cm) | AV2: Sample Type | AW2: Dissolved Oxygen (mg/L) | AX2: Dissolved Oxygen (%) | AY2: Conductivity-specific (mS/cm) | AZ2: Salinity (ppt) | BA2: Temperature (C) | BB2: AtmosphPressure (mmHg) | BC2: pH | BD2: No. Tadpoles | BE2: No. Fish | BF2: Sampled Width (m) | BG2: Max Invertebrate Sampled Depth (m) | BH2: Comments
A3: 43492 | B3: VWCB6 | C3: CORE | E3: 2 | F3: 0 | G3: 0 | H3: 0 | I3: 94 | J3: =P3+O3+N3+M3+L3+K3 -> 0 | K3: 0 | L3: 0 | M3: 0 | N3: 0 | O3: 0 | P3: 0 | Q3: 0 | R3: =G3+S3 -> 0 | S3: 0 | T3: =U3+V3+W3 -> 0 | U3: 0 | V3: 0 | W3: 0 | X3: 0 | Y3: 0 | Z3: =SUM(AA3:AI3) -> 0 | AA3: 0 | AB3: 0 | AC3: 0 | AD3: 0 | AE3: 0 | AF3: 0 | AG3: 0 | AH3: 0 | AI3: 0 | AJ3: 0 | AK3: 0 | AL3: 0 | AM3: 0 | AN3: 0 | AO3: 0 | AP3: =SUM(E3:AO3)-Z3-J3-T3-R3 -> 96 | AR3: 43492 | AS3: 0.60416667 | AT3: VWCB6 | AU3: 10 | AV3: YSI 2030 | AW3: 9.74 | AX3: 109.4 | AY3: 0.168 | AZ3: 0.1 | BA3: 21.2 | BB3: 762 | BC3: 8.32 | BD3: 13 | BE3: 0 | BF3: 14 | BG3: 0.33
A4: 43492 | B4: VDSN | C4: CORE | E4: 0 | F4: 0 | G4: 0 | H4: 1 | I4: 0 | J4: =P4+O4+N4+M4+L4+K4 -> 0 | K4: 0 | L4: 0 | M4: 0 | N4: 0 | O4: 0 | P4: 0 | Q4: 0 | R4: =G4+S4 -> 0 | S4: 0 | T4: =U4+V4+W4 -> 0 | U4: 0 | V4: 0 | W4: 0 | X4: 0 | Y4: 0 | Z4: =SUM(AA4:AI4) -> 0 | AA4: 0 | AB4: 0 | AC4: 0 | AD4: 0 | AE4: 0 | AF4: 0 | AG4: 0 | AH4: 0 | AI4: 0 | AJ4: 0 | AK4: 0 | AL4: 0 | AM4: 0 | AN4: 0 | AO4: 0 | AP4: =SUM(E4:AO4)-Z4-J4-T4-R4 -> 1 | AR4: 43492 | AS4: 0.65972222 | AT4: VDSN | AU4: 10 | AV4: YSI 2030 | AW4: 15.76 | AX4: 182.8 | AY4: 0.2043 | AZ4: 0.1 | BA4: 22.7 | BB4: 762.8 | BC4: 7.91 | BD4: 20 | BE4: 0 | BF4: 12.1 | BG4: 0.15
A5: 43493 | B5: VP1 | C5: CORE | E5: 0 | F5: 0 | G5: 0 | H5: 0 | I5: 0 | J5: =P5+O5+N5+M5+L5+K5 -> 0 | K5: 0 | L5: 0 | M5: 0 | N5: 0 | O5: 0 | P5: 0 | Q5: 0 | R5: =G5+S5 -> 0 | S5: 0 | T5: =U5+V5+W5 -> 0 | U5: 0 | V5: 0 | W5: 0 | X5: 0 | Y5: 0 | Z5: =SUM(AA5:AI5) -> 0 | AA5: 0 | AB5: 0 | AC5: 0 | AD5: 0 | AE5: 0 | AF5: 0 | AG5: 0 | AH5: 0 | AI5: 0 | AJ5: 0 | AK5: 0 | AL5: 0 | AM5: 1 | AN5: 0 | AO5: 0 | AP5: =SUM(E5:AO5)-Z5-J5-T5-R5 -> 1 | AR5: 43493 | AS5: 0.63541667 | AT5: CVP1 | AU5: 10 | AV5: YSI 2030 | AW5: 13.9 | AX5: 150 | AY5: 0.095 | AZ5: 0 | BA5: 18.8 | BB5: 760.8 | BC5: 9 | BD5: 74 | BE5: 0 | BF5: 13 | BG5: 0.33
A6: 43495 | B6: VNVP4 | C6: CORE | E6: 1 | F6: 0 | G6: 0 | H6: 9 | I6: 0 | J6: =P6+O6+N6+M6+L6+K6 -> 7 | K6: 0 | L6: 7 | M6: 0 | N6: 0 | O6: 0 | P6: 0 | Q6: 0 | R6: =G6+S6 -> 0 | S6: 0 | T6: =U6+V6+W6 -> 0 | U6: 0 | V6: 0 | W6: 0 | X6: 0 | Y6: 0 | Z6: =SUM(AA6:AI6) -> 0 | AA6: 0 | AB6: 0 | AC6: 0 | AD6: 0 | AE6: 0 | AF6: 0 | AG6: 0 | AH6: 0 | AI6: 0 | AJ6: 0 | AK6: 0 | AL6: 0 | AM6: 0 | AN6: 0 | AO6: 0 | AP6: =SUM(E6:AO6)-Z6-J6-T6-R6 -> 17 | AR6: 43495 | AS6: 0.47916667 | AT6: NVP4 | AU6: 10 | AV6: YSI 2030 | AW6: 8.181 | AX6: 86.5 | AY6: 0.32 | AZ6: 0.2 | BA6: 18 | BB6: 760 | BC6: 8.51 | BD6: 3 | BE6: 0 | BF6: 17 | BG6: 0.3
A7: 43503 | B7: VNVP2 | C7: CORE | E7: 7 | F7: 0 | G7: 0 | H7: 40 | I7: 0 | J7: =P7+O7+N7+M7+L7+K7 -> 6 | K7: 0 | L7: 6 | M7: 0 | N7: 0 | O7: 0 | P7: 0 | Q7: 0 | R7: =G7+S7 -> 0 | S7: 0 | T7: =U7+V7+W7 -> 0 | U7: 0 | V7: 0 | W7: 0 | X7: 0 | Y7: 0 | Z7: =SUM(AA7:AI7) -> 1 | AA7: 0 | AB7: 1 | AC7: 0 | AD7: 0 | AE7: 0 | AF7: 0 | AG7: 0 | AH7: 0 | AI7: 0 | AJ7: 0 | AK7: 0 | AL7: 0 | AM7: 0 | AN7: 0 | AO7: 0 | AP7: =SUM(E7:AO7)-Z7-J7-T7-R7 -> 54 | AR7: 7-Feb-19 | AS7: 11:50 | AT7: NVP2 | AU7: 10 | AV7: YSI 2030 | AW7: 10.3 | AX7: 101 | AY7: 0.39 | AZ7: 0.2 | BA7: 15.3 | BB7: 768.7 | BC7: 7.6 | BD7: 1 | BE7: - | BF7: 32 | BG7: 0.5
A8: 43504 | B8: VNVP10 | C8: CORE | E8: 1 | F8: 1 | G8: 0 | H8: 3 | I8: 1 | J8: =P8+O8+N8+M8+L8+K8 -> 5 | K8: 0 | L8: 5 | M8: 0 | N8: 0 | O8: 0 | P8: 0 | Q8: 0 | R8: =G8+S8 -> 0 | S8: 0 | T8: =U8+V8+W8 -> 0 | U8: 0 | V8: 0 | W8: 0 | X8: 0 | Y8: 0 | Z8: =SUM(AA8:AI8) -> 0 | AA8: 0 | AB8: 0 | AC8: 0 | AD8: 0 | AE8: 0 | AF8: 0 | AG8: 0 | AH8: 0 | AI8: 0 | AJ8: 0 | AK8: 0 | AL8: 0 | AM8: 0 | AN8: 0 | AO8: 0 | AP8: =SUM(E8:AO8)-Z8-J8-T8-R8 -> 11 | AR8: 8-Feb-19 | AS8: 14:10 | AT8: NVP10 | AU8: 10 | AV8: YSI 2030 | AW8: 8.79 | AX8: 95.8 | AY8: 0.0755 | AZ8: 0 | BA8: 19.5 | BB8: 762.6 | BC8: 7.5 | BD8: 18 | BE8: 0 | BF8: 13 | BG8: 0.28
A9: 43507 | B9: VCC7 | C9: CORE | E9: 0 | F9: 0 | G9: 0 | H9: 4 | I9: 2 | J9: =P9+O9+N9+M9+L9+K9 -> 0 | K9: 0 | L9: 0 | M9: 0 | N9: 0 | O9: 0 | P9: 0 | Q9: 0 | R9: =G9+S9 -> 0 | S9: 0 | T9: =U9+V9+W9 -> 2 | U9: 0 | V9: 2 | W9: 0 | X9: 0 | Y9: 0 | Z9: =SUM(AA9:AI9) -> 0 | AA9: 0 | AB9: 0 | AC9: 0 | AD9: 0 | AE9: 0 | AF9: 0 | AG9: 0 | AH9: 0 | AI9: 0 | AJ9: 0 | AK9: 0 | AL9: 0 | AM9: 0 | AN9: 0 | AO9: 0 | AP9: =SUM(E9:AO9)-Z9-J9-T9-R9 -> 8 | AR9: 11-Feb-19 | AS9: 15:35 | AT9: VM7 | AU9: 10 | AV9: YSI 2030 | AW9: 15.87 | AX9: 168.3 | AY9: 0.158 | AZ9: 0.1 | BA9: 18.2 | BB9: 764.7 | BC9: 8.8 | BD9: 7 | BE9: - | BF9: 8 | BG9: 0.27
A10: 43507 | B10: VM7 | C10: CORE | E10: 4 | F10: 0 | G10: 0 | H10: 16 | I10: 0 | J10: =P10+O10+N10+M10+L10+K10 -> 0 | K10: 0 | L10: 0 | M10: 0 | N10: 0 | O10: 0 | P10: 0 | Q10: 0 | R10: =G10+S10 -> 0 | S10: 0 | T10: =U10+V10+W10 -> 0 | U10: 0 | V10: 0 | W10: 0 | X10: 0 | Y10: 0 | Z10: =SUM(AA10:AI10) -> 0 | AA10: 0 | AB10: 0 | AC10: 0 | AD10: 0 | AE10: 0 | AF10: 0 | AG10: 0 | AH10: 0 | AI10: 0 | AJ10: 0 | AK10: 0 | AL10: 0 | AM10: 3 | AN10: 0 | AO10: 0 | AP10: =SUM(E10:AO10)-Z10-J10-T10-R10 -> 23 | AR10: 11-Feb-19 | AS10: 15:35 | AT10: VM7 | AU10: 10 | AV10: YSI 2030 | AW10: 15.87 | AX10: 168.3 | AY10: 0.158 | AZ10: 0.1 | BA10: 18.2 | BB10: 764.7 | BC10: 8.8 | BD10: 7 | BE10: - | BF10: 8 | BG10: 0.27
A11: 43507 | B11: VOW1 | C11: CORE | E11: 0 | F11: 0 | G11: 0 | H11: 1 | I11: 0 | J11: =P11+O11+N11+M11+L11+K11 -> 0 | K11: 0 | L11: 0 | M11: 0 | N11: 0 | O11: 0 | P11: 0 | Q11: 0 | R11: =G11+S11 -> 0 | S11: 0 | T11: =U11+V11+W11 -> 0 | U11: 0 | V11: 0 | W11: 0 | X11: 0 | Y11: 0 | Z11: =SUM(AA11:AI11) -> 0 | AA11: 0 | AB11: 0 | AC11: 0 | AD11: 0 | AE11: 0 | AF11: 0 | AG11: 0 | AH11: 0 | AI11: 0 | AJ11: 0 | AK11: 0 | AL11: 0 | AM11: 0 | AN11: 0 | AO11: 0 | AP11: =SUM(E11:AO11)-Z11-J11-T11-R11 -> 1 | AR11: 11-Feb19 | AS11: 10:50 | AT11: VOW1 | AU11: 10 | AV11: YSI 2030 | AW11: 5.74 | AX11: 50.1 | AY11: 0.03 | AZ11: 0 | BA11: 9.3 | BB11: 766 | BC11: 6.9 | BD11: 7 | BE11: 0 | BF11: 30 | BG11: 0.42
A12: 43531 | B12: VMMesa | C12: CORE | E12: 0 | F12: 0 | G12: 0 | H12: 0 | I12: 4 | J12: =P12+O12+N12+M12+L12+K12 -> 0 | K12: 0 | L12: 0 | M12: 0 | N12: 0 | O12: 0 | P12: 0 | Q12: 0 | R12: =G12+S12 -> 0 | S12: 0 | T12: =U12+V12+W12 -> 0 | U12: 0 | V12: 0 | W12: 0 | X12: 0 | Y12: 0 | Z12: =SUM(AA12:AI12) -> 0 | AA12: 0 | AB12: 0 | AC12: 0 | AD12: 0 | AE12: 0 | AF12: 0 | AG12: 0 | AH12: 0 | AI12: 0 | AJ12: 0 | AK12: 0 | AL12: 0 | AM12: 0 | AN12: 0 | AO12: 0 | AP12: =SUM(E12:AO12)-Z12-J12-T12-R12 -> 4 | AR12: 43531 | AS12: 0.35625 | AT12: VMM | AU12: 10 | AV12: YSI 2030 | AW12: 2.54 | AX12: 22.8 | AY12: 0.154 | AZ12: 0.1 | BA12: 12.1 | BD12: 4 | BE12: 0 | BG12: 0.3 | BH12: No barametric pressure or Ph data recorded
A13: 43563 | B13: VP1 | C13: CORE | E13: 87 | F13: 0 | G13: 0 | H13: 10 | I13: 0 | J13: =P13+O13+N13+M13+L13+K13 -> 0 | K13: 0 | L13: 0 | M13: 0 | N13: 0 | O13: 0 | P13: 0 | Q13: 0 | R13: =G13+S13 -> 0 | S13: 0 | T13: =U13+V13+W13 -> 0 | U13: 0 | V13: 0 | W13: 0 | X13: 0 | Y13: 0 | Z13: =SUM(AA13:AI13) -> 0 | AA13: 0 | AB13: 0 | AC13: 0 | AD13: 0 | AE13: 0 | AF13: 0 | AG13: 0 | AH13: 0 | AI13: 0 | AJ13: 0 | AK13: 0 | AL13: 0 | AM13: 0 | AN13: 0 | AO13: 0 | AP13: =SUM(E13:AO13)-Z13-J13-T13-R13 -> 97 | AR13: 43563 | AS13: 0.45833333 | AT13: VP1 | AU13: 10 | AV13: YSI 2030 | AW13: 8.97 | AX13: 107.5 | AY13: 0.162 | AZ13: 0.1 | BA13: 24.5 | BB13: 762.7 | BC13: 6.3 | BD13: 1 | BE13: 0 | BF13: 2 | BG13: 0.43
A14: 43564 | B14: NPB | C14: CORE | E14: 15 | F14: 113 | G14: 0 | H14: 31 | I14: 4 | J14: =P14+O14+N14+M14+L14+K14 -> 0 | K14: 0 | L14: 0 | M14: 0 | N14: 0 | O14: 0 | P14: 0 | Q14: 0 | R14: =G14+S14 -> 0 | S14: 0 | T14: =U14+V14+W14 -> 0 | U14: 0 | V14: 0 | W14: 0 | X14: 0 | Y14: 0 | Z14: =SUM(AA14:AI14) -> 0 | AA14: 0 | AB14: 0 | AC14: 0 | AD14: 0 | AE14: 0 | AF14: 0 | AG14: 0 | AH14: 0 | AI14: 0 | AJ14: 0 | AK14: 0 | AL14: 0 | AM14: 0 | AN14: 0 | AO14: 0 | AP14: =SUM(E14:AO14)-Z14-J14-T14-R14 -> 163 | AR14: 43564 | AS14: 0.4375 | AT14: NPB | AU14: 10 | AV14: YSI 2030 | AW14: 10.65 | AX14: 130.7 | AY14: 23.13 | AZ14: 14 | BA14: 21.4 | BB14: 762.6 | BC14: 7.65 | BD14: 0 | BE14: 0 | BF14: - | BG14: -
A15: 43564 | B15: NWP | C15: CORE | E15: 158 | F15: 7 | G15: 0 | H15: 11 | I15: 0 | J15: =P15+O15+N15+M15+L15+K15 -> 0 | K15: 0 | L15: 0 | M15: 0 | N15: 0 | O15: 0 | P15: 0 | Q15: 0 | R15: =G15+S15 -> 0 | S15: 0 | T15: =U15+V15+W15 -> 16 | U15: 0 | V15: 16 | W15: 0 | X15: 0 | Y15: 0 | Z15: =SUM(AA15:AI15) -> 0 | AA15: 0 | AB15: 0 | AC15: 0 | AD15: 0 | AE15: 0 | AF15: 0 | AG15: 0 | AH15: 0 | AI15: 0 | AJ15: 0 | AK15: 0 | AL15: 0 | AM15: 0 | AN15: 7 | AO15: 0 | AP15: =SUM(E15:AO15)-Z15-J15-T15-R15 -> 199 | AR15: 43564 | AS15: 0.44791667 | AT15: NWP | AU15: 10 | AV15: YSI 2030 | AW15: 9.2 | AX15: 102 | AY15: 1.81 | AZ15: 0.9 | BA15: 20.4 | BB15: 762.5 | BC15: 6.5 | BD15: 0 | BE15: 0 | BF15: 3 | BG15: 0.61
A16: 43565 | B16: NEC | C16: CORE | E16: 10 | F16: 23 | G16: 0 | H16: 0 | I16: 0 | J16: =P16+O16+N16+M16+L16+K16 -> 0 | K16: 0 | L16: 0 | M16: 0 | N16: 0 | O16: 0 | P16: 0 | Q16: 0 | R16: =G16+S16 -> 0 | S16: 0 | T16: =U16+V16+W16 -> 9 | U16: 0 | V16: 9 | W16: 0 | X16: 0 | Y16: 0 | Z16: =SUM(AA16:AI16) -> 0 | AA16: 0 | AB16: 0 | AC16: 0 | AD16: 0 | AE16: 0 | AF16: 0 | AG16: 0 | AH16: 0 | AI16: 0 | AJ16: 0 | AK16: 0 | AL16: 0 | AM16: 0 | AN16: 0 | AO16: 0 | AP16: =SUM(E16:AO16)-Z16-J16-T16-R16 -> 42 | AR16: 43565 | AS16: 0.75347222 | AT16: NEC | AU16: 10 | AV16: YSI 2030 | AW16: 10.4 | AX16: 134 | AY16: 43.03 | AZ16: 27.8 | BA16: 22.3 | BB16: 763.3 | BC16: 7.82 | BD16: - | BE16: - | BF16: - | BG16: -
A17: 43565 | B17: NMC | C17: CORE | E17: 3 | F17: 10 | G17: 1 | H17: 0 | I17: 0 | J17: =P17+O17+N17+M17+L17+K17 -> 0 | K17: 0 | L17: 0 | M17: 0 | N17: 0 | O17: 0 | P17: 0 | Q17: 0 | R17: =G17+S17 -> 1 | S17: 0 | T17: =U17+V17+W17 -> 65 | U17: 0 | V17: 64 | W17: 1 | X17: 0 | Y17: 0 | Z17: =SUM(AA17:AI17) -> 0 | AA17: 0 | AB17: 0 | AC17: 0 | AD17: 0 | AE17: 0 | AF17: 0 | AG17: 0 | AH17: 0 | AI17: 0 | AJ17: 0 | AK17: 0 | AL17: 0 | AM17: 0 | AN17: 0 | AO17: 0 | AP17: =SUM(E17:AO17)-Z17-J17-T17-R17 -> 79 | AR17: 43565 | AS17: - | AT17: NMC | AU17: 10 | AV17: YSI 2030 | AW17: 11.6 | AX17: 154 | AY17: 42.35 | AZ17: 26.7 | BA17: 21.3 | BB17: 763.3 | BC17: 7.77 | BD17: - | BE17: - | BF17: - | BG17: -
A18: 43565 | B18: VCC7 | C18: CORE-a+b | E18: 0 | F18: 0 | G18: 0 | H18: 15 | I18: 0 | J18: =P18+O18+N18+M18+L18+K18 -> 1 | K18: 0 | L18: 1 | M18: 0 | N18: 0 | O18: 0 | P18: 0 | Q18: 0 | R18: =G18+S18 -> 0 | S18: 0 | T18: =U18+V18+W18 -> 0 | U18: 0 | V18: 0 | W18: 0 | X18: 0 | Y18: 0 | Z18: =SUM(AA18:AI18) -> 0 | AA18: 0 | AB18: 0 | AC18: 0 | AD18: 0 | AE18: 0 | AF18: 0 | AG18: 0 | AH18: 0 | AI18: 0 | AJ18: 0 | AK18: 0 | AL18: 0 | AM18: 0 | AN18: 0 | AO18: 0 | AP18: =SUM(E18:AO18)-Z18-J18-T18-R18 -> 16 | AR18: 43565 | AS18: 0.45833333 | AT18: VCC7 | AU18: 5 | AV18: YSI 2030 | AW18: 8.4 | AX18: 113 | AY18: 0.0003 | AZ18: 0 | BA18: 32.8 | BB18: 761.6 | BC18: 6.8 | BD18: 0 | BE18: 0 | BF18: 0.05 | BG18: 0.05
A19: 43565 | B19: VDSN | C19: CORE-a+b | E19: 153 | F19: 9 | G19: 0 | H19: 196 | I19: 33 | J19: =P19+O19+N19+M19+L19+K19 -> 26 | K19: 1 | L19: 25 | M19: 0 | N19: 0 | O19: 0 | P19: 0 | Q19: 0 | R19: =G19+S19 -> 0 | S19: 0 | T19: =U19+V19+W19 -> 0 | U19: 0 | V19: 0 | W19: 0 | X19: 0 | Y19: 0 | Z19: =SUM(AA19:AI19) -> 0 | AA19: 0 | AB19: 0 | AC19: 0 | AD19: 0 | AE19: 0 | AF19: 0 | AG19: 0 | AH19: 0 | AI19: 0 | AJ19: 0 | AK19: 0 | AL19: 0 | AM19: 0 | AN19: 0 | AO19: 0 | AP19: =SUM(E19:AO19)-Z19-J19-T19-R19 -> 417 | AR19: 43565 | AS19: 0.55902778 | AT19: VDSN | AU19: 10 | AV19: YSI 2030 | AW19: 3.9 | AX19: 45 | AY19: 0.076 | AZ19: 0 | BA19: 23.5 | BB19: 761.5 | BC19: 6.1 | BD19: 0 | BE19: 0 | BF19: 2 | BG19: 0.19
A20: 43566 | B20: CUL1 | C20: CORE | E20: 10 | F20: 52 | G20: 1 | H20: 0 | I20: 0 | J20: =P20+O20+N20+M20+L20+K20 -> 0 | K20: 0 | L20: 0 | M20: 0 | N20: 0 | O20: 0 | P20: 0 | Q20: 0 | R20: =G20+S20 -> 1 | S20: 0 | T20: =U20+V20+W20 -> 86 | U20: 0 | V20: 86 | W20: 0 | X20: 0 | Y20: 0 | Z20: =SUM(AA20:AI20) -> 1 | AA20: 1 | AB20: 0 | AC20: 0 | AD20: 0 | AE20: 0 | AF20: 0 | AG20: 0 | AH20: 0 | AI20: 0 | AJ20: 0 | AK20: 0 | AL20: 0 | AM20: 0 | AN20: 0 | AO20: 0 | AP20: =SUM(E20:AO20)-Z20-J20-T20-R20 -> 150 | AR20: 43566 | AS20: - | AT20: CUL1 | AU20: 10 | AV20: YSI 2030 | AW20: 11.2 | AX20: 150 | AY20: 57.8 | AZ20: 38.6 | BA20: 18.6 | BB20: 763.2 | BC20: 7.92 | BD20: - | BE20: - | BF20: - | BG20: -
A21: 43566 | B21: MO1 | C21: CORE | E21: 7 | F21: 44 | G21: 0 | H21: 0 | I21: 42 | J21: =P21+O21+N21+M21+L21+K21 -> 0 | K21: 0 | L21: 0 | M21: 0 | N21: 0 | O21: 0 | P21: 0 | Q21: 0 | R21: =G21+S21 -> 0 | S21: 0 | T21: =U21+V21+W21 -> 5 | U21: 0 | V21: 0 | W21: 5 | X21: 0 | Y21: 0 | Z21: =SUM(AA21:AI21) -> 0 | AA21: 0 | AB21: 0 | AC21: 0 | AD21: 0 | AE21: 0 | AF21: 0 | AG21: 0 | AH21: 0 | AI21: 0 | AJ21: 0 | AK21: 0 | AL21: 0 | AM21: 0 | AN21: 0 | AO21: 0 | AP21: =SUM(E21:AO21)-Z21-J21-T21-R21 -> 98 | AR21: 43566 | AS21: - | AT21: MO1 | AU21: 10 | AV21: YSI 2030 | AW21: 9.5 | AX21: 115 | AY21: 44.01 | AZ21: 28.5 | BA21: 16.2 | BB21: 763.6 | BC21: 7.83 | BD21: - | BE21: - | BF21: - | BG21: -
A22: 43569 | B22: NVBR | C22: CORE | E22: 66 | F22: 3 | G22: 1 | H22: 0 | I22: 0 | J22: =P22+O22+N22+M22+L22+K22 -> 3 | K22: 0 | L22: 1 | M22: 2 | N22: 0 | O22: 0 | P22: 0 | Q22: 0 | R22: =G22+S22 -> 1 | S22: 0 | T22: =U22+V22+W22 -> 110 | U22: 0 | V22: 110 | W22: 0 | X22: 0 | Y22: 0 | Z22: =SUM(AA22:AI22) -> 1 | AA22: 1 | AB22: 0 | AC22: 0 | AD22: 0 | AE22: 0 | AF22: 0 | AG22: 0 | AH22: 0 | AI22: 0 | AJ22: 0 | AK22: 0 | AL22: 0 | AM22: 0 | AN22: 0 | AO22: 0 | AP22: =SUM(E22:AO22)-Z22-J22-T22-R22 -> 184 | AR22: 43569 | AS22: 0.53472222 | AT22: NVBR | AU22: 10 | AV22: YSI 2030 | AW22: 11.2 | AX22: 154 | AY22: 48.64 | AZ22: 31.8 | BA22: 22.1 | BB22: 761 | BC22: 7.96 | BD22: - | BE22: - | BF22: - | BG22: -
A23: 43569 | B23: VBR1 | C23: CORE | E23: 0 | F23: 9 | G23: 0 | H23: 0 | I23: 0 | J23: =P23+O23+N23+M23+L23+K23 -> 1 | K23: 0 | L23: 0 | M23: 1 | N23: 0 | O23: 0 | P23: 0 | Q23: 0 | R23: =G23+S23 -> 0 | S23: 0 | T23: =U23+V23+W23 -> 73 | U23: 0 | V23: 73 | W23: 0 | X23: 0 | Y23: 0 | Z23: =SUM(AA23:AI23) -> 0 | AA23: 0 | AB23: 0 | AC23: 0 | AD23: 0 | AE23: 0 | AF23: 0 | AG23: 0 | AH23: 0 | AI23: 0 | AJ23: 0 | AK23: 0 | AL23: 0 | AM23: 0 | AN23: 0 | AO23: 0 | AP23: =SUM(E23:AO23)-Z23-J23-T23-R23 -> 83 | AR23: 43569 | AS23: 0.625 | AT23: VBR1 | AU23: 10 | AV23: YSI 2030 | AW23: 13.6 | AX23: 189 | AY23: 48.5 | AZ23: 31.9 | BA23: 22.1 | BB23: 761.9 | BC23: 7.94 | BD23: - | BE23: - | BF23: - | BG23: -
A24: 43573 | B24: DSP | C24: CORE | E24: 91 | F24: 0 | G24: 0 | H24: 387 | I24: 2 | J24: =P24+O24+N24+M24+L24+K24 -> 2 | K24: 0 | L24: 2 | M24: 0 | N24: 0 | O24: 0 | P24: 0 | Q24: 0 | R24: =G24+S24 -> 0 | S24: 0 | T24: =U24+V24+W24 -> 5 | U24: 0 | V24: 5 | W24: 0 | X24: 0 | Y24: 0 | Z24: =SUM(AA24:AI24) -> 0 | AA24: 0 | AB24: 0 | AC24: 0 | AD24: 0 | AE24: 0 | AF24: 0 | AG24: 0 | AH24: 0 | AI24: 0 | AJ24: 0 | AK24: 0 | AL24: 0 | AM24: 5 | AN24: 0 | AO24: 0 | AP24: =SUM(E24:AO24)-Z24-J24-T24-R24 -> 492 | AR24: 43573 | AS24: 0.4375 | AT24: DSP | AU24: 10 | AV24: YSI 2030 | AW24: 2.6 | AX24: 29 | AY24: 1.42 | AZ24: 0.7 | BA24: 20.7 | BB24: 765.2 | BC24: 6.78 | BD24: - | BE24: - | BF24: - | BG24: -
A25: 43573 | B25: NDC | C25: CORE | E25: 38 | F25: 7 | G25: 0 | H25: 56 | I25: 1 | J25: =P25+O25+N25+M25+L25+K25 -> 0 | K25: 0 | L25: 0 | M25: 0 | N25: 0 | O25: 0 | P25: 0 | Q25: 0 | R25: =G25+S25 -> 0 | S25: 0 | T25: =U25+V25+W25 -> 0 | U25: 0 | V25: 0 | W25: 0 | X25: 0 | Y25: 0 | Z25: =SUM(AA25:AI25) -> 0 | AA25: 0 | AB25: 0 | AC25: 0 | AD25: 0 | AE25: 0 | AF25: 0 | AG25: 0 | AH25: 0 | AI25: 0 | AJ25: 0 | AK25: 0 | AL25: 0 | AM25: 0 | AN25: 0 | AO25: 0 | AP25: =SUM(E25:AO25)-Z25-J25-T25-R25 -> 102 | AR25: 43573 | AS25: 0.47222222 | AT25: NDC | AU25: 2 | AV25: YSI 2030 | AW25: 11.4 | AX25: 132 | AY25: 3.064 | AZ25: 1.6 | BA25: 22.1 | BB25: 764.6 | BC25: 8.25 | BD25: 0 | BE25: 0 | BF25: 2 | BG25: 5 | BH25: Full of red water plants
A26: 43586 | B26: VNVP10 | C26: CORE | E26: 110 | F26: 0 | G26: 0 | H26: 0 | I26: 0 | J26: =P26+O26+N26+M26+L26+K26 -> 9 | K26: 0 | L26: 9 | M26: 0 | N26: 0 | O26: 0 | P26: 0 | Q26: 0 | R26: =G26+S26 -> 0 | S26: 0 | T26: =U26+V26+W26 -> 1 | U26: 0 | V26: 0 | W26: 1 | X26: 0 | Y26: 0 | Z26: =SUM(AA26:AI26) -> 0 | AA26: 0 | AB26: 0 | AC26: 0 | AD26: 0 | AE26: 0 | AF26: 0 | AG26: 0 | AH26: 0 | AI26: 0 | AJ26: 0 | AK26: 0 | AL26: 0 | AM26: 1 | AN26: 0 | AO26: 0 | AP26: =SUM(E26:AO26)-Z26-J26-T26-R26 -> 121 | AR26: 43586 | AS26: 0.66666667 | AT26: NVP10 | AU26: 10 | AV26: YSI 2030 | AW26: 9.5 | AX26: 127 | AY26: 0.72 | AZ26: 0.3 | BA26: 30.5 | BB26: 757.4 | BC26: 7.8 | BD26: 1 | BE26: 0 | BF26: 6.5 | BG26: 0,25
A27: 43586 | B27: VNVP2 | C27: CORE | E27: 152 | F27: 0 | G27: 0 | H27: 0 | I27: 2 | J27: =P27+O27+N27+M27+L27+K27 -> 0 | K27: 0 | L27: 0 | M27: 0 | N27: 0 | O27: 0 | P27: 0 | Q27: 0 | R27: =G27+S27 -> 0 | S27: 0 | T27: =U27+V27+W27 -> 0 | U27: 0 | V27: 0 | W27: 0 | X27: 0 | Y27: 0 | Z27: =SUM(AA27:AI27) -> 0 | AA27: 0 | AB27: 0 | AC27: 0 | AD27: 0 | AE27: 0 | AF27: 0 | AG27: 0 | AH27: 0 | AI27: 0 | AJ27: 0 | AK27: 0 | AL27: 0 | AM27: 0 | AN27: 0 | AO27: 0 | AP27: =SUM(E27:AO27)-Z27-J27-T27-R27 -> 154 | AR27: 43586 | AS27: 0.61458333 | AT27: NVP2 | AU27: 10 | AV27: YSI 2030 | AW27: 8 | AX27: 103 | AY27: 0.0007 | AZ27: 0 | BA27: 28.3 | BB27: 759.5 | BC27: 7.8 | BD27: 0 | BE27: 0 | BF27: 18 | BG27: 0.2
A28: 43586 | B28: VNVP4 | C28: CORE | E28: 36 | F28: 2 | G28: 0 | H28: 3 | I28: 1 | J28: =P28+O28+N28+M28+L28+K28 -> 2 | K28: 0 | L28: 2 | M28: 0 | N28: 0 | O28: 0 | P28: 0 | Q28: 0 | R28: =G28+S28 -> 0 | S28: 0 | T28: =U28+V28+W28 -> 0 | U28: 0 | V28: 0 | W28: 0 | X28: 0 | Y28: 0 | Z28: =SUM(AA28:AI28) -> 0 | AA28: 0 | AB28: 0 | AC28: 0 | AD28: 0 | AE28: 0 | AF28: 0 | AG28: 0 | AH28: 0 | AI28: 0 | AJ28: 0 | AK28: 0 | AL28: 0 | AM28: 0 | AN28: 0 | AO28: 0 | AP28: =SUM(E28:AO28)-Z28-J28-T28-R28 -> 44 | AR28: 43586 | AS28: 0.5625 | AT28: NVP4 | AU28: 5 | AV28: YSI 2030 | AW28: 15.76 | AX28: 183 | AY28: 0.204 | AZ28: 0.1 | BA28: 22.7 | BB28: 760.5 | BC28: 9.2 | BD28: 0 | BE28: 0 | BF28: 10 | BG28: 0.05 | BH28: Maximum pool depth 10 cm
A29: 43587 | B29: VM3 | C29: CORE | E29: 260 | F29: 2 | G29: 0 | H29: 1 | I29: 0 | J29: =P29+O29+N29+M29+L29+K29 -> 0 | K29: 0 | L29: 0 | M29: 0 | N29: 0 | O29: 0 | P29: 0 | Q29: 0 | R29: =G29+S29 -> 0 | S29: 0 | T29: =U29+V29+W29 -> 0 | U29: 0 | V29: 0 | W29: 0 | X29: 0 | Y29: 0 | Z29: =SUM(AA29:AI29) -> 0 | AA29: 0 | AB29: 0 | AC29: 0 | AD29: 0 | AE29: 0 | AF29: 0 | AG29: 0 | AH29: 0 | AI29: 0 | AJ29: 0 | AK29: 0 | AL29: 0 | AM29: 0 | AN29: 0 | AO29: 0 | AP29: =SUM(E29:AO29)-Z29-J29-T29-R29 -> 263 | AR29: 43587 | AS29: 0.625 | AT29: VM3 | AU29: 10 | AV29: YSI 2030 | AW29: 8.5 | AX29: 109 | AY29: 0.329 | AZ29: 0.2 | BA29: 28.1 | BB29: 759.9 | BC29: 7.5 | BD29: 1 | BE29: 0 | BF29: 8 | BG29: 0.1
A30: 43643 | B30: MO1 | C30: CORE | E30: 12 | F30: 61 | G30: 0 | H30: 0 | I30: 0 | J30: =P30+O30+N30+M30+L30+K30 -> 8 | K30: 0 | L30: 7 | M30: 0 | N30: 0 | O30: 1 | P30: 0 | Q30: 4 | R30: =G30+S30 -> 0 | S30: 0 | T30: =U30+V30+W30 -> 1 | U30: 1 | V30: 0 | W30: 0 | X30: 0 | Y30: 0 | Z30: =SUM(AA30:AI30) -> 0 | AA30: 0 | AB30: 0 | AC30: 0 | AD30: 0 | AE30: 0 | AF30: 0 | AG30: 0 | AH30: 0 | AI30: 0 | AJ30: 0 | AK30: 0 | AL30: 0 | AM30: 0 | AN30: 0 | AO30: 0 | AP30: =SUM(E30:AO30)-Z30-J30-T30-R30 -> 86 | AR30: 43643 | AS30: 0.60416667 | AT30: MO1 | AU30: 10 | AV30: YSI 2030 | AW30: 15.1 | AX30: 214 | AY30: 39.6 | AZ30: 25.3 | BA30: 25.8 | BB30: 761 | BC30: 8.6 | BD30: 0 | BE30: 0 | BF30: 2 | BG30: 0.15
A31: 43643 | B31: NDC | C31: CORE | E31: 13 | F31: 5 | G31: 0 | H31: 1 | I31: 22 | J31: =P31+O31+N31+M31+L31+K31 -> 1 | K31: 0 | L31: 1 | M31: 0 | N31: 0 | O31: 0 | P31: 0 | Q31: 0 | R31: =G31+S31 -> 0 | S31: 0 | T31: =U31+V31+W31 -> 0 | U31: 0 | V31: 0 | W31: 0 | X31: 0 | Y31: 0 | Z31: =SUM(AA31:AI31) -> 0 | AA31: 0 | AB31: 0 | AC31: 0 | AD31: 0 | AE31: 0 | AF31: 0 | AG31: 0 | AH31: 0 | AI31: 0 | AJ31: 0 | AK31: 0 | AL31: 0 | AM31: 0 | AN31: 4 | AO31: 0 | AP31: =SUM(E31:AO31)-Z31-J31-T31-R31 -> 46 | AR31: 43643 | AS31: 0.46875 | AT31: NDC | AU31: 5 | AV31: YSI 2030 | AW31: 3.8 | AX31: 42 | AY31: 5.61 | AZ31: 3.1 | BA31: 20.6 | BB31: 763.1 | BC31: 6.5 | BD31: 0 | BE31: 0 | BF31: 1.5 | BG31: 0.07 | BH31: Covered with red algae-photos
A32: 43643 | B32: NWP | C32: CORE | E32: 4 | F32: 0 | G32: 0 | H32: 15 | I32: 0 | J32: =P32+O32+N32+M32+L32+K32 -> 0 | K32: 0 | L32: 0 | M32: 0 | N32: 0 | O32: 0 | P32: 0 | Q32: 0 | R32: =G32+S32 -> 0 | S32: 0 | T32: =U32+V32+W32 -> 0 | U32: 0 | V32: 0 | W32: 0 | X32: 0 | Y32: 0 | Z32: =SUM(AA32:AI32) -> 0 | AA32: 0 | AB32: 0 | AC32: 0 | AD32: 0 | AE32: 0 | AF32: 0 | AG32: 0 | AH32: 0 | AI32: 0 | AJ32: 0 | AK32: 0 | AL32: 0 | AM32: 0 | AN32: 0 | AO32: 0 | AP32: =SUM(E32:AO32)-Z32-J32-T32-R32 -> 19 | AR32: 43643 | AS32: 0.49305556 | AT32: NWP | AU32: 10 | AV32: YSI 2030 | AW32: 13.1 | AX32: 161 | AY32: 2.39 | AZ32: 1.2 | BA32: 24.5 | BB32: 762.8 | BC32: 8.8 | BD32: 0 | BE32: 0 | BF32: 2 | BG32: 0.15
A33: 43647 | B33: NPB | C33: CORE | E33: 0 | F33: 0 | G33: 2 | I33: 1 | J33: =P33+O33+N33+M33+L33+K33 -> 0 | K33: 0 | L33: 0 | M33: 0 | N33: 0 | O33: 0 | P33: 0 | Q33: 0 | R33: =G33+S33 -> 2 | S33: 0 | T33: =U33+V33+W33 -> 0 | U33: 0 | V33: 0 | W33: 0 | X33: 0 | Y33: 0 | Z33: =SUM(AA33:AI33) -> 0 | AA33: 0 | AB33: 0 | AC33: 0 | AD33: 0 | AE33: 0 | AF33: 0 | AG33: 0 | AH33: 0 | AI33: 0 | AJ33: 0 | AK33: 0 | AL33: 0 | AM33: 0 | AN33: 0 | AO33: 0 | AP33: =SUM(E33:AO33)-Z33-J33-T33-R33 -> 3 | AR33: 43647 | AS33: 0.39583333 | AT33: NPB | AU33: 10 | AV33: YSI 2030 | AW33: 7.8 | AX33: 101 | AY33: 13.69 | AZ33: 7.9 | BA33: 26.2 | BB33: 759.2 | BC33: 7.5 | BD33: 0 | BE33: 1 | BF33: 2.5 | BG33: 0.2
A34: 43648 | B34: NVBR | C34: CORE | E34: 14 | F34: 0 | G34: 0 | H34: 0 | I34: 0 | J34: =P34+O34+N34+M34+L34+K34 -> 0 | K34: 0 | L34: 0 | M34: 0 | N34: 0 | O34: 0 | P34: 0 | Q34: 0 | R34: =G34+S34 -> 0 | S34: 0 | T34: =U34+V34+W34 -> 0 | U34: 0 | V34: 0 | W34: 0 | X34: 0 | Y34: 0 | Z34: =SUM(AA34:AI34) -> 0 | AA34: 0 | AB34: 0 | AC34: 0 | AD34: 0 | AE34: 0 | AF34: 0 | AG34: 0 | AH34: 0 | AI34: 0 | AJ34: 0 | AK34: 0 | AL34: 0 | AM34: 0 | AN34: 0 | AO34: 0 | AP34: =SUM(E34:AO34)-Z34-J34-T34-R34 -> 14 | AR34: 43648 | AS34: 0.66666667 | AT34: NVBR | AU34: 10 | AV34: YSI 2030 | AW34: 13.2 | AX34: 195 | AY34: 32.2 | AZ34: 20 | BA34: 29.7 | BB34: 758 | BC34: 8.9 | BD34: 0 | BE34: 0 | BF34: 3 | BG34: 0.4
A35: 43648 | B35: VBR1 | C35: CORE | E35: 105 | F35: 0 | G35: 0 | H35: 0 | I35: 0 | J35: =P35+O35+N35+M35+L35+K35 -> 0 | K35: 0 | L35: 0 | M35: 0 | N35: 0 | O35: 0 | P35: 0 | Q35: 0 | R35: =G35+S35 -> 0 | S35: 0 | T35: =U35+V35+W35 -> 1 | U35: 1 | V35: 0 | W35: 0 | X35: 0 | Y35: 0 | Z35: =SUM(AA35:AI35) -> 0 | AA35: 0 | AB35: 0 | AC35: 0 | AD35: 0 | AE35: 0 | AF35: 0 | AG35: 0 | AH35: 0 | AI35: 0 | AJ35: 0 | AK35: 0 | AL35: 0 | AM35: 0 | AN35: 0 | AO35: 0 | AP35: =SUM(E35:AO35)-Z35-J35-T35-R35 -> 106 | AR35: 43648 | AS35: 0.70833333 | AT35: VBR1 | AU35: 10 | AV35: YSI 2030 | AW35: 12.8 | AX35: 193 | AY35: 33.6 | AZ35: 21 | BA35: 29.3 | BB35: 757.2 | BC35: 8.9 | BD35: 0 | BE35: 0 | BF35: 2 | BG35: 0.4
A36: 43657 | B36: DSP | C36: CORE | E36: 1 | F36: 0 | G36: 1 | H36: 2 | I36: 0 | J36: =P36+O36+N36+M36+L36+K36 -> 0 | K36: 0 | L36: 0 | M36: 0 | N36: 0 | O36: 0 | P36: 0 | Q36: 0 | R36: =G36+S36 -> 1 | S36: 0 | T36: =U36+V36+W36 -> 0 | U36: 0 | V36: 0 | W36: 0 | X36: 0 | Y36: 0 | Z36: =SUM(AA36:AI36) -> 0 | AA36: 0 | AB36: 0 | AC36: 0 | AD36: 0 | AE36: 0 | AF36: 0 | AG36: 0 | AH36: 0 | AI36: 0 | AJ36: 0 | AK36: 0 | AL36: 0 | AM36: 0 | AN36: 0 | AO36: 0 | AP36: =SUM(E36:AO36)-Z36-J36-T36-R36 -> 4 | AR36: 43657 | AS36: 0.69444444 | AT36: DSP | AU36: 10 | AV36: YSI 2030 | AW36: 7.6 | AX36: 98 | AY36: 5.13 | AZ36: 2.7 | BA36: 27.6 | BB36: 760.2 | BC36: 7.3 | BD36: 0 | BE36: 0 | BF36: 1 | BG36: 0.6
A37: 43658 | B37: CUL1 | C37: CORE | E37: 0 | F37: 0 | G37: 4 | H37: 0 | I37: 0 | J37: =P37+O37+N37+M37+L37+K37 -> 0 | K37: 0 | L37: 0 | M37: 0 | N37: 0 | O37: 0 | P37: 0 | Q37: 0 | R37: =G37+S37 -> 4 | S37: 0 | T37: =U37+V37+W37 -> 0 | U37: 0 | V37: 0 | W37: 0 | X37: 0 | Y37: 0 | Z37: =SUM(AA37:AI37) -> 0 | AA37: 0 | AB37: 0 | AC37: 0 | AD37: 0 | AE37: 0 | AF37: 0 | AG37: 0 | AH37: 0 | AI37: 0 | AJ37: 0 | AK37: 0 | AL37: 0 | AM37: 0 | AN37: 0 | AO37: 0 | AP37: =SUM(E37:AO37)-Z37-J37-T37-R37 -> 4 | AR37: 43658 | AS37: 0.32291667 | AT37: CUL1 | AU37: 5 | AV37: YSI 2030 | AW37: 0.6 | AX37: 5 | AY37: 30.41 | AZ37: 15.9 | BA37: 20.9 | BB37: 759.8 | BC37: 8 | BD37: 0 | BE37: 0 | BF37: 0.5 | BG37: 0.1
A38: 43678 | B38: NEC | C38: CORE | E38: 2 | F38: 3 | G38: 0 | H38: 0 | I38: 0 | J38: =P38+O38+N38+M38+L38+K38 -> 4 | K38: 0 | L38: 2 | M38: 0 | N38: 0 | O38: 2 | P38: 0 | Q38: 0 | R38: =G38+S38 -> 0 | S38: 0 | T38: =U38+V38+W38 -> 3 | U38: 3 | V38: 0 | W38: 0 | X38: 0 | Y38: 0 | Z38: =SUM(AA38:AI38) -> 0 | AA38: 0 | AB38: 0 | AC38: 0 | AD38: 0 | AE38: 0 | AF38: 0 | AG38: 0 | AH38: 0 | AI38: 0 | AJ38: 0 | AK38: 0 | AL38: 0 | AM38: 0 | AN38: 0 | AO38: 0 | AP38: =SUM(E38:AO38)-Z38-J38-T38-R38 -> 12 | AR38: 43678 | AS38: 0.69097222 | AT38: NEC | AU38: 10 | AV38: YSI 2030 | AW38: 12.7 | AX38: 208 | AY38: 48.54 | AZ38: 31.6 | BA38: 31.6 | BB38: 759.5 | BC38: 8.8 | BD38: 0 | BE38: 0 | BF38: 1 | BG38: 0.5
A39: 43678 | B39: NMC | C39: CORE | E39: 34 | F39: 0 | G39: 0 | H39: 0 | I39: 0 | J39: =P39+O39+N39+M39+L39+K39 -> 1 | K39: 0 | L39: 1 | M39: 0 | N39: 0 | O39: 0 | P39: 0 | Q39: 0 | R39: =G39+S39 -> 0 | S39: 0 | T39: =U39+V39+W39 -> 0 | U39: 0 | V39: 0 | W39: 0 | X39: 0 | Y39: 0 | Z39: =SUM(AA39:AI39) -> 0 | AA39: 0 | AB39: 0 | AC39: 0 | AD39: 0 | AE39: 0 | AF39: 0 | AG39: 0 | AH39: 0 | AI39: 0 | AJ39: 0 | AK39: 0 | AL39: 0 | AM39: 0 | AN39: 0 | AO39: 0 | AP39: =SUM(E39:AO39)-Z39-J39-T39-R39 -> 35 | AR39: 43678 | AS39: 0.66666667 | AT39: NMC | AU39: 10 | AV39: YSI 2030 | AW39: 6.4 | AX39: 107 | AY39: 42.32 | AZ39: 26.6 | BA39: 34.1 | BB39: 759.3 | BC39: 8.5 | BD39: 0 | BE39: 0 | BF39: 0.5 | BG39: 1
A40: 43678 | B40: NPB | C40: CORE | E40: 7 | F40: 0 | G40: 0 | H40: 0 | I40: 0 | J40: =P40+O40+N40+M40+L40+K40 -> 24 | K40: 0 | L40: 0 | M40: 0 | N40: 0 | O40: 24 | P40: 0 | Q40: 0 | R40: =G40+S40 -> 0 | S40: 0 | T40: =U40+V40+W40 -> 7 | U40: 0 | V40: 7 | W40: 0 | X40: 0 | Y40: 0 | Z40: =SUM(AA40:AI40) -> 1 | AA40: 0 | AB40: 1 | AC40: 0 | AD40: 0 | AE40: 0 | AF40: 0 | AG40: 0 | AH40: 0 | AI40: 0 | AJ40: 3 | AK40: 0 | AL40: 0 | AM40: 0 | AN40: 0 | AO40: 0 | AP40: =SUM(E40:AO40)-Z40-J40-T40-R40 -> 42 | AR40: 43678 | AS40: 0.63888889 | AT40: NPB | AU40: 10 | AV40: YSI 2030 | AW40: 13.2 | AX40: 196 | AY40: 22.33 | AZ40: 13.3 | BA40: 32.6 | BB40: 759.5 | BC40: 7.6 | BD40: 0 | BE40: 0 | BF40: 1 | BG40: 0.4
A41: 43678 | B41: NWP | C41: CORE | E41: 0 | F41: 0 | G41: 0 | H41: 0 | I41: 0 | J41: =P41+O41+N41+M41+L41+K41 -> 1 | K41: 0 | L41: 1 | M41: 0 | N41: 0 | O41: 0 | P41: 0 | Q41: 0 | R41: =G41+S41 -> 0 | S41: 0 | T41: =U41+V41+W41 -> 0 | U41: 0 | V41: 0 | W41: 0 | X41: 0 | Y41: 10 | Z41: =SUM(AA41:AI41) -> 0 | AA41: 0 | AB41: 0 | AC41: 0 | AD41: 0 | AE41: 0 | AF41: 0 | AG41: 0 | AH41: 0 | AI41: 0 | AJ41: 0 | AK41: 0 | AL41: 0 | AM41: 0 | AN41: 1 | AO41: 0 | AP41: =SUM(E41:AO41)-Z41-J41-T41-R41 -> 12 | AR41: 43678 | AS41: 0.59722222 | AT41: NWP | AU41: 10 | AV41: YSI 2030 | AW41: 12.9 | AX41: 179 | AY41: 10.17 | AZ41: 5.7 | BA41: 31 | BB41: 760.2 | BC41: 8.6 | BD41: 0 | BE41: 0 | BF41: 1 | BG41: 0.6
A42: 43679 | B42: CUL1 | C42: CORE | E42: 0 | F42: 0 | G42: 1 | H42: 0 | I42: 0 | J42: =P42+O42+N42+M42+L42+K42 -> 0 | K42: 0 | L42: 0 | M42: 0 | N42: 0 | O42: 0 | P42: 0 | Q42: 0 | R42: =G42+S42 -> 1 | S42: 0 | T42: =U42+V42+W42 -> 0 | U42: 0 | V42: 0 | W42: 0 | X42: 0 | Y42: 0 | Z42: =SUM(AA42:AI42) -> 0 | AA42: 0 | AB42: 0 | AC42: 0 | AD42: 0 | AE42: 0 | AF42: 0 | AG42: 0 | AH42: 0 | AI42: 0 | AJ42: 0 | AK42: 0 | AL42: 0 | AM42: 0 | AN42: 0 | AO42: 0 | AP42: =SUM(E42:AO42)-Z42-J42-T42-R42 -> 1 | AR42: 43679 | AS42: 0.50694444 | AT42: CUL1 | AU42: 10 | AV42: YSI 2030 | AW42: 6.4 | AX42: 107 | AY42: 80.2 | AZ42: 56.8 | BA42: 27.2 | BB42: 759.3 | BC42: 8 | BD42: 0 | BE42: 0 | BF42: 1 | BG42: 0.5
A43: 43679 | B43: MO1 | C43: CORE | E43: 0 | F43: 11 | G43: 0 | H43: 0 | I43: 0 | J43: =P43+O43+N43+M43+L43+K43 -> 0 | K43: 0 | L43: 0 | M43: 0 | N43: 0 | O43: 0 | P43: 0 | Q43: 0 | R43: =G43+S43 -> 0 | S43: 0 | T43: =U43+V43+W43 -> 12 | U43: 0 | V43: 0 | W43: 12 | X43: 0 | Y43: 0 | Z43: =SUM(AA43:AI43) -> 0 | AA43: 0 | AB43: 0 | AC43: 0 | AD43: 0 | AE43: 0 | AF43: 0 | AG43: 0 | AH43: 0 | AI43: 0 | AJ43: 0 | AK43: 0 | AL43: 0 | AM43: 0 | AN43: 0 | AO43: 0 | AP43: =SUM(E43:AO43)-Z43-J43-T43-R43 -> 23 | AR43: 43679 | AS43: 0.47916667 | AT43: MO1 | AU43: 10 | AV43: YSI 2030 | AW43: 8 | AX43: 118 | AY43: 58.2 | AZ43: 39 | BA43: 25 | BB43: 760.1 | BC43: 8.2 | BD43: 0 | BE43: 0 | BF43: 1 | BG43: 0.4
A44: 43679 | B44: NVBR | C44: CORE | E44: 0 | F44: 0 | G44: 2 | H44: 0 | I44: 0 | J44: =P44+O44+N44+M44+L44+K44 -> 0 | K44: 0 | L44: 0 | M44: 0 | N44: 0 | O44: 0 | P44: 0 | Q44: 0 | R44: =G44+S44 -> 2 | S44: 0 | T44: =U44+V44+W44 -> 0 | U44: 0 | V44: 0 | W44: 0 | X44: 0 | Y44: 0 | Z44: =SUM(AA44:AI44) -> 0 | AA44: 0 | AB44: 0 | AC44: 0 | AD44: 0 | AE44: 0 | AF44: 0 | AG44: 0 | AH44: 0 | AI44: 0 | AJ44: 0 | AK44: 0 | AL44: 0 | AM44: 0 | AN44: 0 | AO44: 0 | AP44: =SUM(E44:AO44)-Z44-J44-T44-R44 -> 2 | AR44: 43679 | AS44: 0.34375 | AT44: NVBR | AU44: 10 | AV44: YSI 2030 | AW44: 5.9 | AX44: 84 | AY44: 50.3 | AZ44: 33 | BA44: 24.9 | BB44: 761.5 | BC44: 8.3 | BD44: 0 | BE44: 0 | BF44: 1 | BG44: 0.5
A45: 43679 | B45: VBR1 | C45: CORE | E45: 309 | F45: 6 | G45: 1 | H45: 0 | I45: 0 | J45: =P45+O45+N45+M45+L45+K45 -> 0 | K45: 0 | L45: 0 | M45: 0 | N45: 0 | O45: 0 | P45: 0 | Q45: 0 | R45: =G45+S45 -> 1 | S45: 0 | T45: =U45+V45+W45 -> 0 | U45: 0 | V45: 0 | W45: 0 | X45: 0 | Y45: 0 | Z45: =SUM(AA45:AI45) -> 0 | AA45: 0 | AB45: 0 | AC45: 0 | AD45: 0 | AE45: 0 | AF45: 0 | AG45: 0 | AH45: 0 | AI45: 0 | AJ45: 0 | AK45: 0 | AL45: 0 | AM45: 0 | AN45: 0 | AO45: 0 | AP45: =SUM(E45:AO45)-Z45-J45-T45-R45 -> 316 | AR45: 43679 | AS45: 0.37847222 | AT45: VBR1 | AU45: 10 | AV45: YSI 2030 | AW45: 5.3 | AX45: 77 | AY45: 50.7 | AZ45: 33.2 | BA45: 24.6 | BB45: 761.2 | BC45: 8.5 | BD45: 0 | BE45: 0 | BF45: 0.8 | BG45: 0.5
A46: 43680 | B46: DSP | C46: CORE | E46: 0 | F46: 2 | G46: 0 | H46: 1 | I46: 0 | J46: =P46+O46+N46+M46+L46+K46 -> 5 | K46: 0 | L46: 5 | M46: 0 | N46: 0 | O46: 0 | P46: 0 | Q46: 0 | R46: =G46+S46 -> 0 | S46: 0 | T46: =U46+V46+W46 -> 0 | U46: 0 | V46: 0 | W46: 0 | X46: 0 | Y46: 0 | Z46: =SUM(AA46:AI46) -> 0 | AA46: 0 | AB46: 0 | AC46: 0 | AD46: 0 | AE46: 0 | AF46: 0 | AG46: 0 | AH46: 0 | AI46: 0 | AJ46: 0 | AK46: 0 | AL46: 0 | AM46: 0 | AN46: 0 | AO46: 0 | AP46: =SUM(E46:AO46)-Z46-J46-T46-R46 -> 8 | AR46: 43680 | AS46: 0.42708333 | AT46: DSP | AU46: 10 | AV46: YSI 2030 | AW46: 3.7 | AX46: 45 | AY46: 6.96 | AZ46: 3.8 | BA46: 24.5 | BB46: 759.5 | BC46: 7 | BD46: - | BE46: - | BF46: 0.5 | BG46: 0.5
A47: 43759 | B47: NPB | C47: CORE | E47: 3 | F47: 0 | G47: 0 | H47: 0 | I47: 0 | J47: =P47+O47+N47+M47+L47+K47 -> 3 | K47: 0 | L47: 3 | M47: 0 | N47: 0 | O47: 0 | P47: 0 | Q47: 0 | R47: =G47+S47 -> 0 | S47: 0 | T47: =U47+V47+W47 -> 0 | U47: 0 | V47: 0 | W47: 0 | X47: 0 | Y47: 0 | Z47: =SUM(AA47:AI47) -> 0 | AA47: 0 | AB47: 0 | AC47: 0 | AD47: 0 | AE47: 0 | AF47: 0 | AG47: 0 | AH47: 0 | AI47: 0 | AJ47: 0 | AK47: 0 | AL47: 0 | AM47: 0 | AN47: 0 | AO47: 0 | AP47: =SUM(E47:AO47)-Z47-J47-T47-R47 -> 6 | AR47: 43759 | AS47: 0.61458333 | AT47: NPB | AU47: 10 | AV47: YSI 2030 | AW47: 21.6 | AX47: 252 | AY47: 5.67 | AZ47: 3.1 | BA47: 22 | BB47: 759.6 | BC47: 7.6 | BD47: 0 | BE47: 0 | BF47: 1 | BG47: 0.4
A48: 43759 | B48: NVBR | C48: CORE | E48: 4 | F48: 0 | G48: 0 | H48: 0 | I48: 0 | J48: =P48+O48+N48+M48+L48+K48 -> 0 | K48: 0 | L48: 0 | M48: 0 | N48: 0 | O48: 0 | P48: 0 | Q48: 0 | R48: =G48+S48 -> 0 | S48: 0 | T48: =U48+V48+W48 -> 0 | U48: 0 | V48: 0 | W48: 0 | X48: 0 | Y48: 0 | Z48: =SUM(AA48:AI48) -> 0 | AA48: 0 | AB48: 0 | AC48: 0 | AD48: 0 | AE48: 0 | AF48: 0 | AG48: 0 | AH48: 0 | AI48: 0 | AJ48: 0 | AK48: 0 | AL48: 0 | AM48: 0 | AN48: 0 | AO48: 0 | AP48: =SUM(E48:AO48)-Z48-J48-T48-R48 -> 4 | AR48: 43759 | AS48: 0.65972222 | AT48: NVBR | AU48: 10 | AV48: YSI 2030 | AW48: 11.5 | AX48: 196 | AY48: 79.4 | AZ48: 55.4 | BA48: 26.7 | BB48: 759.6 | BC48: 7.9 | BD48: 0 | BE48: 0 | BF48: 1 | BG48: 0.5
A49: 43759 | B49: VBR1 | C49: CORE | E49: 5 | F49: 0 | G49: 0 | H49: 0 | I49: 0 | J49: =P49+O49+N49+M49+L49+K49 -> 0 | K49: 0 | L49: 0 | M49: 0 | N49: 0 | O49: 0 | P49: 0 | Q49: 0 | R49: =G49+S49 -> 0 | S49: 0 | T49: =U49+V49+W49 -> 0 | U49: 0 | V49: 0 | W49: 0 | X49: 0 | Y49: 0 | Z49: =SUM(AA49:AI49) -> 0 | AA49: 0 | AB49: 0 | AC49: 0 | AD49: 0 | AE49: 0 | AF49: 0 | AG49: 0 | AH49: 0 | AI49: 0 | AJ49: 0 | AK49: 0 | AL49: 0 | AM49: 0 | AN49: 0 | AO49: 0 | AP49: =SUM(E49:AO49)-Z49-J49-T49-R49 -> 5 | AR49: 43759 | AS49: 0.69097222 | AT49: VBR1 | AU49: 10 | AV49: YSI 2030 | AW49: 11.5 | AX49: 193 | AY49: 79.8 | AZ49: 55.8 | BA49: 25.7 | BB49: 759.7 | BC49: 7.9 | BD49: 0 | BE49: 0 | BF49: 1 | BG49: 0.5
A50: 43763 | B50: CUL1 | C50: CORE | E50: 1 | F50: 0 | G50: 0 | H50: 0 | I50: 0 | J50: =P50+O50+N50+M50+L50+K50 -> 1 | K50: 0 | L50: 0 | M50: 1 | N50: 0 | O50: 0 | P50: 0 | Q50: 0 | R50: =G50+S50 -> 0 | S50: 0 | T50: =U50+V50+W50 -> 0 | U50: 0 | V50: 0 | W50: 0 | X50: 0 | Y50: 0 | Z50: =SUM(AA50:AI50) -> 2 | AA50: 2 | AB50: 0 | AC50: 0 | AD50: 0 | AE50: 0 | AF50: 0 | AG50: 0 | AH50: 0 | AI50: 0 | AJ50: 0 | AK50: 0 | AL50: 0 | AM50: 0 | AN50: 0 | AO50: 0 | AP50: =SUM(E50:AO50)-Z50-J50-T50-R50 -> 4 | AR50: 43763 | AS50: 0.69097222 | AT50: CUL1 | AU50: 10 | AV50: YSI 2030 | AW50: 9.3 | AX50: 98 | AY50: 138 | AZ50: OVER | BA50: 21.8 | BB50: 759.9 | BC50: 7.3 | BD50: 0 | BE50: 0 | BF50: 0.5 | BG50: 0.2
A51: 43763 | B51: PIER | C51: CORE | E51: 5 | F51: 0 | G51: 0 | H51: 0 | I51: 2 | J51: =P51+O51+N51+M51+L51+K51 -> 0 | K51: 0 | L51: 0 | M51: 0 | N51: 0 | O51: 0 | P51: 0 | Q51: 0 | R51: =G51+S51 -> 0 | S51: 0 | T51: =U51+V51+W51 -> 0 | U51: 0 | V51: 0 | W51: 0 | X51: 0 | Y51: 0 | Z51: =SUM(AA51:AI51) -> 0 | AA51: 0 | AB51: 0 | AC51: 0 | AD51: 0 | AE51: 0 | AF51: 0 | AG51: 0 | AH51: 0 | AI51: 0 | AJ51: 0 | AK51: 0 | AL51: 0 | AM51: 0 | AN51: 0 | AO51: 0 | AP51: =SUM(E51:AO51)-Z51-J51-T51-R51 -> 7 | AR51: 43763 | AS51: 0.65625 | AT51: PIER | AU51: 10 | AV51: YSI 2030 | AW51: 14.2 | AX51: 236 | AY51: 88.5 | AZ51: 62.9 | BA51: 22.8 | BB51: 760.5 | BC51: 8.2 | BD51: 0 | BE51: 0 | BF51: 1 | BG51: 0.3
A52: 43767 | B52: DSP | C52: CORE | E52: 5 | F52: 0 | G52: 0 | H52: 0 | I52: 0 | J52: =P52+O52+N52+M52+L52+K52 -> 4 | K52: 0 | L52: 4 | M52: 0 | N52: 0 | O52: 0 | P52: 0 | Q52: 0 | R52: =G52+S52 -> 0 | S52: 0 | T52: =U52+V52+W52 -> 0 | U52: 0 | V52: 0 | W52: 0 | X52: 0 | Y52: 0 | Z52: =SUM(AA52:AI52) -> 0 | AA52: 0 | AB52: 0 | AC52: 0 | AD52: 0 | AE52: 0 | AF52: 0 | AG52: 0 | AH52: 0 | AI52: 0 | AJ52: 0 | AK52: 0 | AL52: 0 | AM52: 0 | AN52: 0 | AO52: 0 | AP52: =SUM(E52:AO52)-Z52-J52-T52-R52 -> 9 | AR52: 43767 | AS52: 0.5625 | AT52: DSP | AU52: 10 | AV52: YSI 2030 | AW52: 4.5 | AX52: 52 | AY52: 16.52 | AZ52: 9.7 | BA52: 20.8 | BB52: 757.7 | BC52: 7.31 | BD52: 0 | BE52: 0 | BF52: 1 | BG52: 0.4
A53: 43767 | B53: MO1 | C53: CORE | E53: 10 | F53: 0 | G53: 0 | H53: 0 | I53: 1 | J53: =P53+O53+N53+M53+L53+K53 -> 0 | K53: 0 | L53: 0 | M53: 0 | N53: 0 | O53: 0 | P53: 0 | Q53: 0 | R53: =G53+S53 -> 0 | S53: 0 | T53: =U53+V53+W53 -> 1 | U53: 1 | V53: 0 | W53: 0 | X53: 0 | Y53: 0 | Z53: =SUM(AA53:AI53) -> 0 | AA53: 0 | AB53: 0 | AC53: 0 | AD53: 0 | AE53: 0 | AF53: 0 | AG53: 0 | AH53: 0 | AI53: 0 | AJ53: 0 | AK53: 0 | AL53: 0 | AM53: 0 | AN53: 0 | AO53: 0 | AP53: =SUM(E53:AO53)-Z53-J53-T53-R53 -> 12 | AR53: 43767 | AS53: 0.53125 | AT53: MO1 | AU53: 10 | AV53: YSI 2030 | AW53: 11.3 | AX53: 176 | AY53: 89.6 | AZ53: 63.4 | BA53: 18.5 | BB53: 759.4 | BC53: 8.2 | BD53: 0 | BE53: 0 | BF53: 1 | BG53: 0.5
A54: 43769 | B54: NEC | C54: CORE | E54: 1 | F54: 0 | G54: 1 | H54: 0 | I54: 0 | J54: =P54+O54+N54+M54+L54+K54 -> 0 | K54: 0 | L54: 0 | M54: 0 | N54: 0 | O54: 0 | P54: 0 | Q54: 0 | R54: =G54+S54 -> 1 | S54: 0 | T54: =U54+V54+W54 -> 0 | U54: 0 | V54: 0 | W54: 0 | X54: 0 | Y54: 0 | Z54: =SUM(AA54:AI54) -> 0 | AA54: 0 | AB54: 0 | AC54: 0 | AD54: 0 | AE54: 0 | AF54: 0 | AG54: 0 | AH54: 0 | AI54: 0 | AJ54: 0 | AK54: 0 | AL54: 0 | AM54: 0 | AN54: 0 | AO54: 0 | AP54: =SUM(E54:AO54)-Z54-J54-T54-R54 -> 2 | AR54: 43769 | AS54: 0.61111111 | AT54: NEC | AU54: 10 | AV54: YSI 2030 | AW54: 14.5 | AX54: 178 | AY54: 37.93 | AZ54: 24.1 | BA54: 20.1 | BB54: 764 | BC54: 7.6 | BD54: 0 | BE54: 0 | BF54: 1 | BG54: 0.5
A55: 43769 | B55: NMC | C55: CORE | E55: 109 | F55: 0 | G55: 0 | H55: 0 | I55: 0 | J55: =P55+O55+N55+M55+L55+K55 -> 0 | K55: 0 | L55: 0 | M55: 0 | N55: 0 | O55: 0 | P55: 0 | Q55: 0 | R55: =G55+S55 -> 0 | S55: 0 | T55: =U55+V55+W55 -> 0 | U55: 0 | V55: 0 | W55: 0 | X55: 0 | Y55: 0 | Z55: =SUM(AA55:AI55) -> 0 | AA55: 0 | AB55: 0 | AC55: 0 | AD55: 0 | AE55: 0 | AF55: 0 | AG55: 0 | AH55: 0 | AI55: 0 | AJ55: 0 | AK55: 0 | AL55: 0 | AM55: 0 | AN55: 0 | AO55: 0 | AP55: =SUM(E55:AO55)-Z55-J55-T55-R55 -> 109 | AR55: 43769 | AS55: 0.63888889 | AT55: NMC | AU55: 10 | AV55: YSI 2030 | AW55: 9.6 | AX55: 163 | AY55: 78 | AZ55: 56.6 | BA55: 19.5 | BB55: 763.8 | BC55: 7.8 | BD55: 0 | BE55: 0 | BF55: 1 | BG55: 0.8
A56: 43794 | B56: NPB2 | C56: CORE | E56: 830 | F56: 18 | G56: 0 | H56: 0 | I56: 0 | J56: =P56+O56+N56+M56+L56+K56 -> 4 | K56: 0 | L56: 4 | M56: 0 | N56: 0 | O56: 0 | P56: 0 | Q56: 1 | R56: =G56+S56 -> 0 | S56: 0 | T56: =U56+V56+W56 -> 0 | U56: 0 | V56: 0 | W56: 0 | X56: 0 | Y56: 0 | Z56: =SUM(AA56:AI56) -> 0 | AA56: 0 | AB56: 0 | AC56: 0 | AD56: 0 | AE56: 0 | AF56: 0 | AG56: 0 | AH56: 0 | AI56: 0 | AJ56: 0 | AK56: 0 | AL56: 0 | AM56: 0 | AN56: 0 | AO56: 0 | AP56: =SUM(E56:AO56)-Z56-J56-T56-R56 -> 853 | AR56: 43794 | AS56: 0.375 | AT56: NPB2 | AU56: 10 | AV56: YSI 2030 | AW56: 14 | AX56: 131 | AY56: 3.18 | AZ56: 1.7 | BA56: 12.1 | BB56: 760.5 | BC56: 7.53 | BD56: 0 | BE56: 0 | BF56: 1.4 | BG56: 0.15
A57: 43794 | B57: NPB1 | C57: CORE | E57: 0 | F57: 0 | G57: 0 | H57: 0 | I57: 1 | J57: =P57+O57+N57+M57+L57+K57 -> 0 | K57: 0 | L57: 0 | M57: 0 | N57: 0 | O57: 0 | P57: 0 | Q57: 3 | R57: =G57+S57 -> 0 | S57: 0 | T57: =U57+V57+W57 -> 0 | U57: 0 | V57: 0 | W57: 0 | X57: 0 | Y57: 0 | Z57: =SUM(AA57:AI57) -> 0 | AA57: 0 | AB57: 0 | AC57: 0 | AD57: 0 | AE57: 0 | AF57: 0 | AG57: 0 | AH57: 0 | AI57: 0 | AJ57: 0 | AK57: 0 | AL57: 0 | AM57: 0 | AN57: 0 | AO57: 0 | AP57: =SUM(E57:AO57)-Z57-J57-T57-R57 -> 4 | AR57: 43794 | AS57: 0.43055556 | AT57: NBP1 | AU57: 10 | AV57: YSI 2030 | AW57: 6.7 | AX57: 55 | AY57: 4.75 | AZ57: 2.6 | BA57: 9.9 | BB57: 759.8 | BC57: 7.23 | BD57: 0 | BE57: 0 | BF57: 3 | BG57: 0.45 | BH57: Core Sample-PEAT (not clay); 1 golf ball
C58: SubTOTAL | E58: =SUM(E3:E57) -> 2685 | F58: =SUM(F3:F57) -> 388 | G58: =SUM(G3:G57) -> 15 | H58: =SUM(H3:H57) -> 803 | I58: =SUM(I3:I57) -> 213 | J58: =SUM(J3:J57) -> 118 | K58: =SUM(K3:K57) -> 1 | L58: =SUM(L3:L57) -> 86 | ... AO58: =SUM(AO3:AO57) -> 0 | AP58: =SUM(E58:AO58)-Z58-J58-T58-R58 -> 4668
A61: 43489 | B61: MO1 | C61: FB250 | E61: 2 | F61: 2 | G61: 0 | H61: 1 | I61: 0 | J61: =P61+O61+N61+M61+L61+K61 -> 0 | K61: 0 | L61: 0 | M61: 0 | N61: 0 | O61: 0 | P61: 0 | Q61: 0 | R61: =G61+S61 -> 0 | S61: 0 | T61: =U61+V61+W61 -> 0 | U61: 0 | V61: 0 | W61: 0 | X61: 0 | Y61: 0 | Z61: =SUM(AA61:AI61) -> 0 | AA61: 0 | AB61: 0 | AC61: 0 | AD61: 0 | AE61: 0 | AF61: 0 | AG61: 0 | AH61: 0 | AI61: 0 | AJ61: 0 | AK61: 0 | AL61: 0 | AM61: 0 | AN61: 0 | AO61: 0 | AP61: =SUM(E61:AO61)-Z61-J61-T61-R61 -> 5 | AR61: 43489 | AS61: 0.51041667 | AT61: MO1 | AU61: 10 | AV61: YSI 2030 | AW61: 8.6 | AX61: 96.6 | AY61: 19.32 | AZ61: 23.2 | BA61: 16.3 | BB61: 764.7 | BC61: 8.2
A62: 43492 | B62: VWCB6 | C62: FB250 | E62: 43 | F62: 143 | G62: 0 | H62: 166 | I62: 0 | J62: =P62+O62+N62+M62+L62+K62 -> 2 | K62: 0 | L62: 2 | M62: 0 | N62: 0 | O62: 0 | P62: 0 | Q62: 0 | R62: =G62+S62 -> 0 | S62: 0 | T62: =U62+V62+W62 -> 0 | U62: 0 | V62: 0 | W62: 0 | X62: 0 | Y62: 0 | Z62: =SUM(AA62:AI62) -> 0 | AA62: 0 | AB62: 0 | AC62: 0 | AD62: 0 | AE62: 0 | AF62: 0 | AG62: 0 | AH62: 0 | AI62: 0 | AJ62: 0 | AK62: 0 | AL62: 0 | AM62: 0 | AN62: 0 | AO62: 0 | AP62: =SUM(E62:AO62)-Z62-J62-T62-R62 -> 354 | AR62: 43492 | AS62: 0.60416667 | AT62: VWCB6 | AU62: 10 | AV62: YSI 2030 | AW62: 9.74 | AX62: 109.4 | AY62: 0.168 | AZ62: 0.1 | BA62: 21.2 | BB62: 762 | BC62: 8.32 | BD62: 13 | BE62: 0 | BF62: 14 | BG62: 0.33
A63: 43492 | B63: VDSN | C63: FB250 | E63: 132 | F63: 1666 | G63: 0 | H63: 532 | I63: 11 | J63: =P63+O63+N63+M63+L63+K63 -> 0 | K63: 0 | L63: 0 | M63: 0 | N63: 0 | O63: 0 | P63: 0 | Q63: 0 | R63: =G63+S63 -> 0 | S63: 0 | T63: =U63+V63+W63 -> 0 | U63: 0 | V63: 0 | W63: 0 | X63: 0 | Y63: 0 | Z63: =SUM(AA63:AI63) -> 0 | AA63: 0 | AB63: 0 | AC63: 0 | AD63: 0 | AE63: 0 | AF63: 0 | AG63: 0 | AH63: 0 | AI63: 0 | AJ63: 0 | AK63: 0 | AL63: 1 | AM63: 0 | AN63: 0 | AO63: 0 | AP63: =SUM(E63:AO63)-Z63-J63-T63-R63 -> 2342 | AR63: 43492 | AS63: 0.65972222 | AT63: VDSN | AU63: 10 | AV63: YSI 2030 | AW63: 15.76 | AX63: 182.8 | AY63: 0.2043 | AZ63: 0.1 | BA63: 22.7 | BB63: 762.8 | BC63: 7.91 | BD63: 20 | BE63: 0 | BF63: 12.1 | BG63: 0.15
A64: 43493 | B64: CUL1 | C64: FB250 | E64: 86 | F64: 141 | G64: 68 | H64: 0 | I64: 0 | J64: =P64+O64+N64+M64+L64+K64 -> 7 | K64: 0 | L64: 0 | M64: 6 | N64: 0 | O64: 0 | P64: 1 | Q64: 0 | R64: =G64+S64 -> 68 | S64: 0 | T64: =U64+V64+W64 -> 0 | U64: 0 | V64: 0 | W64: 0 | X64: 0 | Y64: 0 | Z64: =SUM(AA64:AI64) -> 0 | AA64: 0 | AB64: 0 | AC64: 0 | AD64: 0 | AE64: 0 | AF64: 0 | AG64: 0 | AH64: 0 | AI64: 0 | AJ64: 0 | AK64: 4 | AL64: 0 | AM64: 2 | AN64: 0 | AO64: 0 | AP64: =SUM(E64:AO64)-Z64-J64-T64-R64 -> 308 | AR64: 43493 | AS64: 0.54861111 | AT64: CUL 1 | AU64: 10 | AV64: YSI 2030 | AW64: 0.1 | AX64: 1 | AY64: 22.6 | AZ64: 14 | BA64: 13 | BB64: 761.9 | BC64: 7.38 | BD64: 0 | BE64: 0 | BF64: 1 | BG64: 0.3
A65: 43493 | B65: VP1 | C65: FB250 | E65: 6 | F65: 293 | G65: 0 | H65: 7 | I65: 2 | J65: =P65+O65+N65+M65+L65+K65 -> 0 | K65: 0 | L65: 0 | M65: 0 | N65: 0 | O65: 0 | P65: 0 | Q65: 0 | R65: =G65+S65 -> 0 | S65: 0 | T65: =U65+V65+W65 -> 0 | U65: 0 | V65: 0 | W65: 0 | X65: 0 | Y65: 0 | Z65: =SUM(AA65:AI65) -> 1 | AA65: 0 | AB65: 0 | AC65: 0 | AD65: 0 | AE65: 0 | AF65: 0 | AG65: 1 | AH65: 0 | AI65: 0 | AJ65: 0 | AK65: 3 | AL65: 0 | AM65: 0 | AN65: 0 | AO65: 0 | AP65: =SUM(E65:AO65)-Z65-J65-T65-R65 -> 312 | AR65: 43493 | AS65: 0.63541667 | AT65: CVP1 | AU65: 10 | AV65: YSI 2030 | AW65: 13.9 | AX65: 150 | AY65: 0.095 | AZ65: 0 | BA65: 18.8 | BB65: 760.8 | BC65: 9 | BD65: 74 | BE65: 0 | BF65: 13 | BG65: 0.33
A66: 43495 | B66: VNVP4 | C66: FB250 | E66: 2 | F66: 7 | G66: 0 | H66: 136 | I66: 0 | J66: =P66+O66+N66+M66+L66+K66 -> 7 | K66: 0 | L66: 0 | M66: 7 | N66: 0 | O66: 0 | P66: 0 | Q66: 0 | R66: =G66+S66 -> 0 | S66: 0 | T66: =U66+V66+W66 -> 0 | U66: 0 | V66: 0 | W66: 0 | X66: 0 | Y66: 0 | Z66: =SUM(AA66:AI66) -> 0 | AA66: 0 | AB66: 0 | AC66: 0 | AD66: 0 | AE66: 0 | AF66: 0 | AG66: 0 | AH66: 0 | AI66: 0 | AJ66: 0 | AK66: 0 | AL66: 0 | AM66: 0 | AN66: 0 | AO66: 0 | AP66: =SUM(E66:AO66)-Z66-J66-T66-R66 -> 152 | AR66: 43495 | AS66: 0.47916667 | AT66: NVP4 | AU66: 10 | AV66: YSI 2030 | AW66: 8.181 | AX66: 86.5 | AY66: 0.32 | AZ66: 0.2 | BA66: 18 | BB66: 760 | BC66: 8.51 | BD66: 3 | BE66: 0 | BF66: 17 | BG66: 0.3
A67: 43502 | B67: DSP | C67: FB250 | E67: 324 | F67: 15 | G67: 0 | H67: 0 | I67: 0 | J67: =P67+O67+N67+M67+L67+K67 -> 10 | K67: 0 | L67: 7 | M67: 0 | N67: 3 | O67: 0 | P67: 0 | Q67: 0 | R67: =G67+S67 -> 0 | S67: 0 | T67: =U67+V67+W67 -> 0 | U67: 0 | V67: 0 | W67: 0 | X67: 0 | Y67: 0 | Z67: =SUM(AA67:AI67) -> 0 | AA67: 0 | AB67: 0 | AC67: 0 | AD67: 0 | AE67: 0 | AF67: 0 | AG67: 0 | AH67: 0 | AI67: 0 | AJ67: 0 | AK67: 0 | AL67: 0 | AM67: 3 | AN67: 0 | AO67: 0 | AP67: =SUM(E67:AO67)-Z67-J67-T67-R67 -> 352 | AR67: 6-Feb-19 | AS67: 11:30 | AT67: DSP | AU67: 10 | AV67: YSI 2030 | AW67: 7.46 | AX67: 69.1 | AY67: 0 | AZ67: 0 | BA67: 12 | BB67: 766 | BC67: 7.2 | BD67: 0 | BE67: 0 | BF67: 2 | BG67: 1
A68: 43502 | B68: NEC | C68: FB250 | E68: 30 | F68: 34 | G68: 2 | H68: 26 | I68: 0 | J68: =P68+O68+N68+M68+L68+K68 -> 0 | K68: 0 | L68: 0 | M68: 0 | N68: 0 | O68: 0 | P68: 0 | Q68: 0 | R68: =G68+S68 -> 2 | S68: 0 | T68: =U68+V68+W68 -> 0 | U68: 0 | V68: 0 | W68: 0 | X68: 0 | Y68: 0 | Z68: =SUM(AA68:AI68) -> 0 | AA68: 0 | AB68: 0 | AC68: 0 | AD68: 0 | AE68: 0 | AF68: 0 | AG68: 0 | AH68: 0 | AI68: 0 | AJ68: 0 | AK68: 0 | AL68: 0 | AM68: 9 | AN68: 0 | AO68: 0 | AP68: =SUM(E68:AO68)-Z68-J68-T68-R68 -> 101 | AR68: 6-Feb-19 | AS68: 13:35 | AT68: NEC | AU68: 10 | AV68: YSI 2030 | AW68: 12.08 | AX68: 118.7 | AY68: 1.51 | AZ68: 0.8 | BA68: 14.2 | BB68: 765.4 | BC68: 7.49 | BD68: - | BE68: - | BF68: - | BG68: -
A69: 43502 | B69: NMC | C69: FB250 | E69: 10 | F69: 290 | G69: 4 | H69: 5 | I69: 0 | J69: =P69+O69+N69+M69+L69+K69 -> 0 | K69: 0 | L69: 0 | M69: 0 | N69: 0 | O69: 0 | P69: 0 | Q69: 0 | R69: =G69+S69 -> 4 | S69: 0 | T69: =U69+V69+W69 -> 0 | U69: 0 | V69: 0 | W69: 0 | X69: 0 | Y69: 0 | Z69: =SUM(AA69:AI69) -> 0 | AA69: 0 | AB69: 0 | AC69: 0 | AD69: 0 | AE69: 0 | AF69: 0 | AG69: 0 | AH69: 0 | AI69: 0 | AJ69: 0 | AK69: 0 | AL69: 0 | AM69: 0 | AN69: 0 | AO69: 0 | AP69: =SUM(E69:AO69)-Z69-J69-T69-R69 -> 309 | AR69: 6-Feb-19 | AS69: 14:00 | AT69: NMC | AU69: 10 | AV69: YSI 2030 | AW69: 11.67 | AX69: 112.6 | AY69: 0 | AZ69: 0 | BA69: 13.3 | BB69: 765.3 | BC69: 7.32 | BD69: - | BE69: - | BF69: - | BG69: -
A70: 43502 | B70: NVBR | C70: FB250 | E70: 2 | F70: 0 | G70: 0 | H70: 6 | I70: 0 | J70: =P70+O70+N70+M70+L70+K70 -> 0 | K70: 0 | L70: 0 | M70: 0 | N70: 0 | O70: 0 | P70: 0 | Q70: 1 | R70: =G70+S70 -> 0 | S70: 0 | T70: =U70+V70+W70 -> 0 | U70: 0 | V70: 0 | W70: 0 | X70: 0 | Y70: 0 | Z70: =SUM(AA70:AI70) -> 0 | AA70: 0 | AB70: 0 | AC70: 0 | AD70: 0 | AE70: 0 | AF70: 0 | AG70: 0 | AH70: 0 | AI70: 0 | AJ70: 0 | AK70: 0 | AL70: 0 | AM70: 0 | AN70: 0 | AO70: 0 | AP70: =SUM(E70:AO70)-Z70-J70-T70-R70 -> 9 | AR70: 6-Feb-19 | AS70: 13:10 | AT70: NVBR | AU70: 10 | AV70: YSI 2030 | AW70: 13.05 | AX70: 130.4 | AY70: 0 | AZ70: 0 | BA70: 14.4 | BB70: 765.8 | BC70: 7.62 | BD70: - | BE70: - | BF70: - | BG70: -
A71: 43502 | B71: VBR1 | C71: FB250 | E71: 2 | F71: 4 | G71: 0 | H71: 0 | I71: 0 | J71: =P71+O71+N71+M71+L71+K71 -> 0 | K71: 0 | L71: 0 | M71: 0 | N71: 0 | O71: 0 | P71: 0 | Q71: 0 | R71: =G71+S71 -> 0 | S71: 0 | T71: =U71+V71+W71 -> 0 | U71: 0 | V71: 0 | W71: 0 | X71: 0 | Y71: 0 | Z71: =SUM(AA71:AI71) -> 0 | AA71: 0 | AB71: 0 | AC71: 0 | AD71: 0 | AE71: 0 | AF71: 0 | AG71: 0 | AH71: 0 | AI71: 0 | AJ71: 0 | AK71: 0 | AL71: 0 | AM71: 0 | AN71: 0 | AO71: 0 | AP71: =SUM(E71:AO71)-Z71-J71-T71-R71 -> 6 | AR71: 6-Feb-19 | AS71: 13:00 | AT71: VBR1 | AU71: 10 | AV71: YSI 2030 | AW71: 11.24 | AX71: 105 | AY71: 0.0975 | AZ71: 0 | BA71: 12.5 | BB71: 765.2 | BC71: 7.27 | BD71: - | BE71: - | BF71: - | BG71: -
A72: 43503 | B72: VNVP2 | C72: FB250 | E72: 229 | F72: 13 | G72: 0 | H72: 2834 | I72: 1 | J72: =P72+O72+N72+M72+L72+K72 -> 22 | K72: 0 | L72: 22 | M72: 0 | N72: 0 | O72: 0 | P72: 0 | Q72: 0 | R72: =G72+S72 -> 0 | S72: 0 | T72: =U72+V72+W72 -> 0 | U72: 0 | V72: 0 | W72: 0 | X72: 0 | Y72: 0 | Z72: =SUM(AA72:AI72) -> 0 | AA72: 0 | AB72: 0 | AC72: 0 | AD72: 0 | AE72: 0 | AF72: 0 | AG72: 0 | AH72: 0 | AI72: 0 | AJ72: 0 | AK72: 0 | AL72: 0 | AM72: 1 | AN72: 0 | AO72: 0 | AP72: =SUM(E72:AO72)-Z72-J72-T72-R72 -> 3100 | AR72: 7-Feb-19 | AS72: 11:50 | AT72: NVP2 | AU72: 10 | AV72: YSI 2030 | AW72: 10.3 | AX72: 101 | AY72: 0.39 | AZ72: 0.2 | BA72: 15.3 | BB72: 768.7 | BC72: 7.6 | BD72: 1 | BE72: - | BF72: 32 | BG72: 0.5
A73: 43504 | B73: VNVP10 | C73: FB250 | E73: 75 | F73: 189 | G73: 0 | H73: 740 | I73: 0 | J73: =P73+O73+N73+M73+L73+K73 -> 0 | K73: 0 | L73: 0 | M73: 0 | N73: 0 | O73: 0 | P73: 0 | Q73: 0 | R73: =G73+S73 -> 0 | S73: 0 | T73: =U73+V73+W73 -> 0 | U73: 0 | V73: 0 | W73: 0 | X73: 0 | Y73: 0 | Z73: =SUM(AA73:AI73) -> 0 | AA73: 0 | AB73: 0 | AC73: 0 | AD73: 0 | AE73: 0 | AF73: 0 | AG73: 0 | AH73: 0 | AI73: 0 | AJ73: 0 | AK73: 0 | AL73: 0 | AM73: 0 | AN73: 0 | AO73: 0 | AP73: =SUM(E73:AO73)-Z73-J73-T73-R73 -> 1004 | AR73: 8-Feb-19 | AS73: 14:10 | AT73: NVP10 | AU73: 10 | AV73: YSI 2030 | AW73: 8.79 | AX73: 95.8 | AY73: 0.0755 | AZ73: 0 | BA73: 19.5 | BB73: 762.6 | BC73: 7.5 | BD73: 18 | BE73: 0 | BF73: 13 | BG73: 0.28
A74: 43507 | B74: VCC7 | C74: FB250 | E74: 19 | F74: 52 | G74: 0 | H74: 195 | I74: 0 | J74: =P74+O74+N74+M74+L74+K74 -> 0 | K74: 0 | L74: 0 | M74: 0 | N74: 0 | O74: 0 | P74: 0 | Q74: 0 | R74: =G74+S74 -> 0 | S74: 0 | T74: =U74+V74+W74 -> 0 | U74: 0 | V74: 0 | W74: 0 | X74: 0 | Y74: 0 | Z74: =SUM(AA74:AI74) -> 0 | AA74: 0 | AB74: 0 | AC74: 0 | AD74: 0 | AE74: 0 | AF74: 0 | AG74: 0 | AH74: 0 | AI74: 0 | AJ74: 0 | AK74: 0 | AL74: 0 | AM74: 0 | AN74: 0 | AO74: 0 | AP74: =SUM(E74:AO74)-Z74-J74-T74-R74 -> 266 | AR74: 11-Feb-19 | AS74: 15:35 | AT74: VM7 | AU74: 10 | AV74: YSI 2030 | AW74: 15.87 | AX74: 168.3 | AY74: 0.158 | AZ74: 0.1 | BA74: 18.2 | BB74: 764.7 | BC74: 8.8 | BD74: 7 | BE74: - | BF74: 8 | BG74: 0.27
A75: 43507 | B75: VM3 | C75: FB250 | E75: 174 | F75: 90 | G75: 0 | H75: 343 | I75: 0 | J75: =P75+O75+N75+M75+L75+K75 -> 0 | K75: 0 | L75: 0 | M75: 0 | N75: 0 | O75: 0 | P75: 0 | Q75: 0 | R75: =G75+S75 -> 0 | S75: 0 | T75: =U75+V75+W75 -> 0 | U75: 0 | V75: 0 | W75: 0 | X75: 0 | Y75: 0 | Z75: =SUM(AA75:AI75) -> 0 | AA75: 0 | AB75: 0 | AC75: 0 | AD75: 0 | AE75: 0 | AF75: 0 | AG75: 0 | AH75: 0 | AI75: 0 | AJ75: 0 | AK75: 0 | AL75: 0 | AM75: 0 | AN75: 0 | AO75: 0 | AP75: =SUM(E75:AO75)-Z75-J75-T75-R75 -> 607 | AR75: 11-Feb-19 | AS75: 14:30 | AT75: VM3 | AU75: 10 | AV75: YSI 2030 | AW75: 9.4 | AX75: 99.5 | AY75: 0 | AZ75: 0 | BA75: 18.1 | BB75: 765 | BC75: 6.8 | BD75: 2 | BE75: - | BF75: 17 | BG75: 0.42 | BI75: e
A76: 43507 | B76: VM7 | C76: FB250 | E76: 60 | F76: 95 | G76: 0 | H76: 708 | I76: 1 | J76: =P76+O76+N76+M76+L76+K76 -> 0 | K76: 0 | L76: 0 | M76: 0 | N76: 0 | O76: 0 | P76: 0 | Q76: 0 | R76: =G76+S76 -> 0 | S76: 0 | T76: =U76+V76+W76 -> 0 | U76: 0 | V76: 0 | W76: 0 | X76: 0 | Y76: 0 | Z76: =SUM(AA76:AI76) -> 0 | AA76: 0 | AB76: 0 | AC76: 0 | AD76: 0 | AE76: 0 | AF76: 0 | AG76: 0 | AH76: 0 | AI76: 0 | AJ76: 0 | AK76: 0 | AL76: 0 | AM76: 0 | AN76: 0 | AO76: 0 | AP76: =SUM(E76:AO76)-Z76-J76-T76-R76 -> 864 | AR76: 11-Feb-19 | AS76: 15:35 | AT76: VM7 | AU76: 10 | AV76: YSI 2030 | AW76: 15.87 | AX76: 168.3 | AY76: 0.158 | AZ76: 0.1 | BA76: 18.2 | BB76: 764.7 | BC76: 8.8 | BD76: 7 | BE76: - | BF76: 8 | BG76: 0.27
A77: 43507 | B77: VOW1 | C77: FB250 | E77: 923 | F77: 89 | G77: 0 | H77: 768 | I77: 0 | J77: =P77+O77+N77+M77+L77+K77 -> 0 | K77: 0 | L77: 0 | M77: 0 | N77: 0 | O77: 0 | P77: 0 | Q77: 0 | R77: =G77+S77 -> 0 | S77: 0 | T77: =U77+V77+W77 -> 0 | U77: 0 | V77: 0 | W77: 0 | X77: 0 | Y77: 0 | Z77: =SUM(AA77:AI77) -> 0 | AA77: 0 | AB77: 0 | AC77: 0 | AD77: 0 | AE77: 0 | AF77: 0 | AG77: 0 | AH77: 0 | AI77: 0 | AJ77: 0 | AK77: 0 | AL77: 0 | AM77: 1 | AN77: 0 | AO77: 0 | AP77: =SUM(E77:AO77)-Z77-J77-T77-R77 -> 1781 | AR77: 11-Feb19 | AS77: 10:50 | AT77: VOW1 | AU77: 10 | AV77: YSI 2030 | AW77: 5.74 | AX77: 50.1 | AY77: 0.03 | AZ77: 0 | BA77: 9.3 | BB77: 766 | BC77: 6.9 | BD77: 7 | BE77: 0 | BF77: 30 | BG77: 0.42
A78: 43514 | B78: NDC | C78: FB250 | E78: 59 | F78: 25 | G78: 0 | H78: 241 | I78: 0 | J78: =P78+O78+N78+M78+L78+K78 -> 1 | K78: 0 | L78: 0 | M78: 1 | N78: 0 | O78: 0 | P78: 0 | Q78: 0 | R78: =G78+S78 -> 0 | S78: 0 | T78: =U78+V78+W78 -> 0 | U78: 0 | V78: 0 | W78: 0 | X78: 0 | Y78: 0 | Z78: =SUM(AA78:AI78) -> 0 | AA78: 0 | AB78: 0 | AC78: 0 | AD78: 0 | AE78: 0 | AF78: 0 | AG78: 0 | AH78: 0 | AI78: 0 | AJ78: 0 | AK78: 0 | AL78: 0 | AM78: 3 | AN78: 0 | AO78: 0 | AP78: =SUM(E78:AO78)-Z78-J78-T78-R78 -> 329 | AR78: 18-Feb-19 | AS78: 11:10 | AT78: NDC | AU78: 10 | AV78: YSI 2030 | AW78: 2.71 | AX78: 23.8 | AY78: 0.608 | AZ78: 0.3 | BA78: 10.1 | BB78: 764.5 | BC78: 7.69 | BD78: 1 | BE78: 0 | BF78: 3 | BG78: 0.2
A79: 43514 | B79: NPB | C79: FB250 | E79: 1 | F79: 0 | G79: 0 | H79: 1 | I79: 0 | J79: =P79+O79+N79+M79+L79+K79 -> 0 | K79: 0 | L79: 0 | M79: 0 | N79: 0 | O79: 0 | P79: 0 | Q79: 0 | R79: =G79+S79 -> 0 | S79: 0 | T79: =U79+V79+W79 -> 0 | U79: 0 | V79: 0 | W79: 0 | X79: 0 | Y79: 0 | Z79: =SUM(AA79:AI79) -> 1 | AA79: 0 | AB79: 0 | AC79: 0 | AD79: 0 | AE79: 0 | AF79: 0 | AG79: 1 | AH79: 0 | AI79: 0 | AJ79: 0 | AK79: 0 | AL79: 0 | AM79: 0 | AN79: 0 | AO79: 0 | AP79: =SUM(E79:AO79)-Z79-J79-T79-R79 -> 3 | AR79: 18-Feb-19 | AS79: 10:35 | AT79: NPB | AU79: 10 | AV79: YSI 2030 | AW79: 11.27 | AX79: 103.6 | AY79: 2.98 | AZ79: 1.6 | BA79: 11.3 | BB79: 765 | BC79: 7.2 | BD79: 0 | BE79: 0 | BF79: 2 | BG79: 0.25
A80: 43531 | B80: VMMesa | C80: FB250 | E80: 420 | F80: 47 | G80: 0 | H80: 709 | I80: 0 | J80: =P80+O80+N80+M80+L80+K80 -> 12 | K80: 0 | L80: 12 | M80: 0 | N80: 0 | O80: 0 | P80: 0 | Q80: 0 | R80: =G80+S80 -> 0 | S80: 0 | T80: =U80+V80+W80 -> 0 | U80: 0 | V80: 0 | W80: 0 | X80: 0 | Y80: 0 | Z80: =SUM(AA80:AI80) -> 0 | AA80: 0 | AB80: 0 | AC80: 0 | AD80: 0 | AE80: 0 | AF80: 0 | AG80: 0 | AH80: 0 | AI80: 0 | AJ80: 0 | AK80: 0 | AL80: 0 | AM80: 0 | AN80: 0 | AO80: 1 | AP80: =SUM(E80:AO80)-Z80-J80-T80-R80 -> 1189 | AR80: 43531 | AS80: 0.35625 | AT80: VMM | AU80: 10 | AV80: YSI 2030 | AW80: 2.54 | AX80: 22.8 | AY80: 0.154 | AZ80: 0.1 | BA80: 12.1 | BD80: 4 | BE80: 0 | BG80: 0.3 | BH80: No barametric pressure or Ph data recorded
A81: 43535 | B81: CUL1 | C81: FB250 | E81: 281 | F81: 11 | G81: 0 | H81: 354 | I81: 0 | J81: =P81+O81+N81+M81+L81+K81 -> 0 | K81: 0 | L81: 0 | M81: 0 | N81: 0 | O81: 0 | P81: 0 | Q81: 0 | R81: =G81+S81 -> 0 | S81: 0 | T81: =U81+V81+W81 -> 0 | U81: 0 | V81: 0 | W81: 0 | X81: 0 | Y81: 0 | Z81: =SUM(AA81:AI81) -> 0 | AA81: 0 | AB81: 0 | AC81: 0 | AD81: 0 | AE81: 0 | AF81: 0 | AG81: 0 | AH81: 0 | AI81: 0 | AJ81: 0 | AK81: 0 | AL81: 0 | AM81: 0 | AN81: 0 | AO81: 0 | AP81: =SUM(E81:AO81)-Z81-J81-T81-R81 -> 646 | AR81: 43535 | AS81: 0.64236111 | AT81: CUL1 | AU81: 10 | AV81: YSI 2030 | AW81: 6.71 | AX81: 72.6 | AY81: 8.93 | AZ81: 5 | BA81: 17.7 | BB81: 759.5 | BC81: 6.9 | BD81: 0 | BE81: 0 | BF81: 1 | BG81: 0.1
A82: 43535 | B82: MO1 | C82: FB250 | E82: 4 | F82: 2933 | G82: 11 | H82: 6 | I82: 0 | J82: =P82+O82+N82+M82+L82+K82 -> 0 | K82: 0 | L82: 0 | M82: 0 | N82: 0 | O82: 0 | P82: 0 | Q82: 0 | R82: =G82+S82 -> 11 | S82: 0 | T82: =U82+V82+W82 -> 63 | U82: 0 | V82: 59 | W82: 4 | X82: 0 | Y82: 0 | Z82: =SUM(AA82:AI82) -> 0 | AA82: 0 | AB82: 0 | AC82: 0 | AD82: 0 | AE82: 0 | AF82: 0 | AG82: 0 | AH82: 0 | AI82: 0 | AJ82: 0 | AK82: 0 | AL82: 0 | AM82: 0 | AN82: 0 | AO82: 0 | AP82: =SUM(E82:AO82)-Z82-J82-T82-R82 -> 3017 | AR82: 43535 | AS82: 0.59027778 | AT82: MO1 | AU82: 10 | AV82: YSI 2030 | AW82: 13.57 | AX82: 128.3 | AY82: 0.0003 | AZ82: 0 | BA82: 20.4 | BB82: 759.2 | BC82: 7.5 | BD82: 0 | BE82: 0 | BF82: 7 | BG82: 0.1
A83: 43535 | B83: NVBR | C83: FB250 | E83: 16 | F83: 3 | G83: 51 | H83: 28 | I83: 0 | J83: =P83+O83+N83+M83+L83+K83 -> 0 | K83: 0 | L83: 0 | M83: 0 | N83: 0 | O83: 0 | P83: 0 | Q83: 0 | R83: =G83+S83 -> 51 | S83: 0 | T83: =U83+V83+W83 -> 0 | U83: 0 | V83: 0 | W83: 0 | X83: 0 | Y83: 0 | Z83: =SUM(AA83:AI83) -> 0 | AA83: 0 | AB83: 0 | AC83: 0 | AD83: 0 | AE83: 0 | AF83: 0 | AG83: 0 | AH83: 0 | AI83: 0 | AJ83: 0 | AK83: 0 | AL83: 0 | AM83: 0 | AN83: 0 | AO83: 0 | AP83: =SUM(E83:AO83)-Z83-J83-T83-R83 -> 98 | AR83: 43535 | AS83: 0.66666667 | AT83: NVBR1 | AU83: 10 | AV83: YSI 2030 | AW83: 14.33 | AX83: 154.2 | AY83: 2.87 | AZ83: 1.5 | BA83: 18.4 | BB83: 760.1 | BC83: 7.9 | BD83: 0 | BE83: 0 | BF83: 3 | BG83: 0.1
A84: 43535 | B84: VBR1 | C84: FB250 | E84: 3 | F84: 2 | G84: 8 | H84: 23 | I84: 2 | J84: =P84+O84+N84+M84+L84+K84 -> 0 | K84: 0 | L84: 0 | M84: 0 | N84: 0 | O84: 0 | P84: 0 | Q84: 0 | R84: =G84+S84 -> 8 | S84: 0 | T84: =U84+V84+W84 -> 1 | U84: 0 | V84: 0 | W84: 1 | X84: 0 | Y84: 0 | Z84: =SUM(AA84:AI84) -> 0 | AA84: 0 | AB84: 0 | AC84: 0 | AD84: 0 | AE84: 0 | AF84: 0 | AG84: 0 | AH84: 0 | AI84: 0 | AJ84: 0 | AK84: 0 | AL84: 0 | AM84: 0 | AN84: 0 | AO84: 0 | AP84: =SUM(E84:AO84)-Z84-J84-T84-R84 -> 39 | AR84: 43535 | AS84: 0.65972222 | AT84: VBR1 | AU84: 10 | AV84: YSI 2030 | AW84: 13.62 | AX84: 146.5 | AY84: 2.566 | AZ84: 1.3 | BA84: 18.5 | BB84: 760.2 | BC84: 7.81 | BD84: 0 | BE84: 0 | BF84: 3 | BG84: 0.1
A85: 43537 | B85: DSP | C85: FB250 | E85: 2539 | F85: 253 | G85: 1 | H85: 1673 | I85: 0 | J85: =P85+O85+N85+M85+L85+K85 -> 0 | K85: 0 | L85: 0 | M85: 0 | N85: 0 | O85: 0 | P85: 0 | Q85: 0 | R85: =G85+S85 -> 1 | S85: 0 | T85: =U85+V85+W85 -> 0 | U85: 0 | V85: 0 | W85: 0 | X85: 0 | Y85: 0 | Z85: =SUM(AA85:AI85) -> 4 | AA85: 0 | AB85: 4 | AC85: 0 | AD85: 0 | AE85: 0 | AF85: 0 | AG85: 0 | AH85: 0 | AI85: 0 | AJ85: 0 | AK85: 4 | AL85: 0 | AM85: 4 | AN85: 0 | AO85: 0 | AP85: =SUM(E85:AO85)-Z85-J85-T85-R85 -> 4478 | AR85: 43537 | AS85: 0.47916667 | AT85: DSP | AU85: 10 | AV85: YSI 2030 | AW85: 4.3 | AX85: 44.1 | AY85: 0.813 | AZ85: 0.4 | BA85: 16.7 | BB85: 754 | BC85: 6.7 | BD85: - | BE85: - | BF85: 2 | BG85: 0.3
A86: 43537 | B86: NMC | C86: FB250 | E86: 13 | F86: 15 | G86: 0 | H86: 80 | I86: 0 | J86: =P86+O86+N86+M86+L86+K86 -> 0 | K86: 0 | L86: 0 | M86: 0 | N86: 0 | O86: 0 | P86: 0 | Q86: 0 | R86: =G86+S86 -> 0 | S86: 0 | T86: =U86+V86+W86 -> 0 | U86: 0 | V86: 0 | W86: 0 | X86: 0 | Y86: 0 | Z86: =SUM(AA86:AI86) -> 0 | AA86: 0 | AB86: 0 | AC86: 0 | AD86: 0 | AE86: 0 | AF86: 0 | AG86: 0 | AH86: 0 | AI86: 0 | AJ86: 0 | AK86: 0 | AL86: 0 | AM86: 0 | AN86: 0 | AO86: 0 | AP86: =SUM(E86:AO86)-Z86-J86-T86-R86 -> 108 | AR86: 43537 | AS86: 0.55208333 | AT86: NMC | AU86: 10 | AV86: YSI 2030 | AW86: 12.1 | AX86: 124.2 | AY86: 1.97 | AZ86: 1 | BA86: 16.2 | BB86: 763.6 | BC86: 7.54 | BD86: - | BE86: - | BF86: - | BG86: -
A87: 43537 | B87: NPB | C87: FB250 | E87: 9 | F87: 0 | G87: 0 | H87: 20 | I87: 0 | J87: =P87+O87+N87+M87+L87+K87 -> 2 | K87: 0 | L87: 2 | M87: 0 | N87: 0 | O87: 0 | P87: 0 | Q87: 0 | R87: =G87+S87 -> 0 | S87: 0 | T87: =U87+V87+W87 -> 0 | U87: 0 | V87: 0 | W87: 0 | X87: 0 | Y87: 0 | Z87: =SUM(AA87:AI87) -> 0 | AA87: 0 | AB87: 0 | AC87: 0 | AD87: 0 | AE87: 0 | AF87: 0 | AG87: 0 | AH87: 0 | AI87: 0 | AJ87: 0 | AK87: 0 | AL87: 0 | AM87: 0 | AN87: 0 | AO87: 0 | AP87: =SUM(E87:AO87)-Z87-J87-T87-R87 -> 31 | AR87: 43537 | AS87: 0.56597222 | AT87: NPB | AU87: 10 | AV87: YSI 2030 | AW87: 15.63 | AX87: 164.8 | AY87: 1.81 | AZ87: 1.3 | BA87: 17.8 | BB87: 763.3 | BC87: 7.52 | BD87: - | BE87: - | BF87: - | BG87: -
A88: 43537 | B88: NWP | C88: FB250 | E88: 1700 | F88: 3 | G88: 0 | H88: 840 | I88: 0 | J88: =P88+O88+N88+M88+L88+K88 -> 0 | K88: 0 | L88: 0 | M88: 0 | N88: 0 | O88: 0 | P88: 0 | Q88: 0 | R88: =G88+S88 -> 0 | S88: 0 | T88: =U88+V88+W88 -> 0 | U88: 0 | V88: 0 | W88: 0 | X88: 0 | Y88: 0 | Z88: =SUM(AA88:AI88) -> 0 | AA88: 0 | AB88: 0 | AC88: 0 | AD88: 0 | AE88: 0 | AF88: 0 | AG88: 0 | AH88: 0 | AI88: 0 | AJ88: 0 | AK88: 1 | AL88: 0 | AM88: 0 | AN88: 3 | AO88: 0 | AP88: =SUM(E88:AO88)-Z88-J88-T88-R88 -> 2547 | AR88: 43537 | AS88: 0.57638889 | AT88: NWP | AU88: 10 | AV88: YSI 2030 | AW88: 5.81 | AX88: 61.9 | AY88: 0.0189 | AZ88: 0 | BA88: 16.9 | BB88: 762.4 | BC88: 6.61 | BD88: - | BE88: - | BF88: - | BG88: -
A89: 43537 | B89: VP1 | C89: FB250 | E89: 57 | F89: 258 | G89: 0 | H89: 681 | I89: 0 | J89: =P89+O89+N89+M89+L89+K89 -> 0 | K89: 0 | L89: 0 | M89: 0 | N89: 0 | O89: 0 | P89: 0 | Q89: 0 | R89: =G89+S89 -> 0 | S89: 0 | T89: =U89+V89+W89 -> 0 | U89: 0 | V89: 0 | W89: 0 | X89: 0 | Y89: 0 | Z89: =SUM(AA89:AI89) -> 0 | AA89: 0 | AB89: 0 | AC89: 0 | AD89: 0 | AE89: 0 | AF89: 0 | AG89: 0 | AH89: 0 | AI89: 0 | AJ89: 0 | AK89: 0 | AL89: 0 | AM89: 0 | AN89: 0 | AO89: 0 | AP89: =SUM(E89:AO89)-Z89-J89-T89-R89 -> 996 | AR89: 43537 | AS89: 0.44791667 | AT89: CVP1 | AU89: 10 | AV89: YSI 2030 | AW89: 8.68 | AX89: 86 | AY89: 0.05 | AZ89: 0 | BA89: 14.7 | BB89: 762.1 | BC89: 6.8 | BD89: 5 | BE89: 0 | BF89: 7 | BG89: .05-.5
A90: 43539 | B90: NEC | C90: FB250 | E90: 180 | F90: 1 | G90: 227 | H90: 1879 | I90: 0 | J90: =P90+O90+N90+M90+L90+K90 -> 12 | K90: 0 | L90: 8 | M90: 4 | N90: 0 | O90: 0 | P90: 0 | Q90: 0 | R90: =G90+S90 -> 227 | S90: 0 | T90: =U90+V90+W90 -> 0 | U90: 0 | V90: 0 | W90: 0 | X90: 0 | Y90: 0 | Z90: =SUM(AA90:AI90) -> 0 | AA90: 0 | AB90: 0 | AC90: 0 | AD90: 0 | AE90: 0 | AF90: 0 | AG90: 0 | AH90: 0 | AI90: 0 | AJ90: 0 | AK90: 0 | AL90: 0 | AM90: 0 | AN90: 0 | AO90: 0 | AP90: =SUM(E90:AO90)-Z90-J90-T90-R90 -> 2299 | AR90: 43539 | AS90: 0.63194444 | AT90: NEC | AU90: 10 | AV90: YSI 2030 | AW90: 10.78 | AX90: 123.3 | AY90: 3.211 | AZ90: 1.7 | BA90: 21 | BB90: 763.8 | BC90: 7.81 | BD90: 0 | BE90: 0 | BF90: - | BG90: -
A91: 43563 | B91: VNVP10 | C91: FB250 | E91: 22 | F91: 0 | G91: 6 | H91: 6 | I91: 0 | J91: =P91+O91+N91+M91+L91+K91 -> 4 | K91: 2 | L91: 0 | M91: 0 | N91: 2 | O91: 0 | P91: 0 | Q91: 0 | R91: =G91+S91 -> 7 | S91: 1 | T91: =U91+V91+W91 -> 0 | U91: 0 | V91: 0 | W91: 0 | X91: 0 | Y91: 29 | Z91: =SUM(AA91:AI91) -> 18 | AA91: 0 | AB91: 0 | AC91: 1 | AD91: 0 | AE91: 0 | AF91: 16 | AG91: 0 | AH91: 0 | AI91: 1 | AJ91: 0 | AK91: 0 | AL91: 0 | AM91: 0 | AN91: 0 | AO91: 0 | AP91: =SUM(E91:AO91)-Z91-J91-T91-R91 -> 86 | AR91: 43563 | AS91: 13:30 | AT91: VNVP10 | AU91: 10 | AV91: YSI 2030 | AW91: 11.86 | AX91: 152.4 | AY91: 0.252 | AZ91: 0.1 | BA91: 28.3 | BB91: 759.4 | BC91: 7.9 | BD91: - | BE91: 0 | BF91: 2 | BG91: 0.18 | BH91: tadpole count combined
A92: 43563 | B92: VP1 | C92: FB250 | E92: 770 | F92: 856 | G92: 0 | H92: 3713 | I92: 0 | J92: =P92+O92+N92+M92+L92+K92 -> 0 | K92: 0 | L92: 0 | M92: 0 | N92: 0 | O92: 0 | P92: 0 | Q92: 1 | R92: =G92+S92 -> 0 | S92: 0 | T92: =U92+V92+W92 -> 0 | U92: 0 | V92: 0 | W92: 0 | X92: 0 | Y92: 0 | Z92: =SUM(AA92:AI92) -> 0 | AA92: 0 | AB92: 0 | AC92: 0 | AD92: 0 | AE92: 0 | AF92: 0 | AG92: 0 | AH92: 0 | AI92: 0 | AJ92: 0 | AK92: 1 | AL92: 0 | AM92: 0 | AN92: 0 | AO92: 0 | AP92: =SUM(E92:AO92)-Z92-J92-T92-R92 -> 5341 | AR92: 43563 | AS92: 0.45833333 | AT92: VP1 | AU92: 10 | AV92: YSI 2030 | AW92: 8.97 | AX92: 107.5 | AY92: 0.162 | AZ92: 0.1 | BA92: 24.5 | BB92: 762.7 | BC92: 6.3 | BD92: 1 | BE92: 0 | BF92: 2 | BG92: 0.43
A93: 43563 | B93: VOW1 | C93: FB250 | E93: 30 | F93: 88 | G93: 0 | H93: 580 | I93: 0 | J93: =P93+O93+N93+M93+L93+K93 -> 0 | K93: 0 | L93: 0 | M93: 0 | N93: 0 | O93: 0 | P93: 0 | Q93: 0 | R93: =G93+S93 -> 0 | S93: 0 | T93: =U93+V93+W93 -> 0 | U93: 0 | V93: 0 | W93: 0 | X93: 0 | Y93: 0 | Z93: =SUM(AA93:AI93) -> 0 | AA93: 0 | AB93: 0 | AC93: 0 | AD93: 0 | AE93: 0 | AF93: 0 | AG93: 0 | AH93: 0 | AI93: 0 | AJ93: 0 | AK93: 0 | AL93: 0 | AM93: 0 | AN93: 0 | AO93: 0 | AP93: =SUM(E93:AO93)-Z93-J93-T93-R93 -> 698 | AR93: 43563 | AS93: 0.63888889 | AT93: VOW1 | AU93: 10 | AV93: YSI 2030 | AW93: 7.84 | AX93: 98.4 | AY93: 0.023 | AZ93: 0 | BA93: 26.9 | BB93: 759.1 | BC93: 7.1 | BD93: 2 | BE93: 0 | BF93: 2 | BG93: 0.18
A94: 43564 | B94: NPB | C94: FB250 | E94: 12 | F94: 400 | G94: 6 | H94: 0 | I94: 0 | J94: =P94+O94+N94+M94+L94+K94 -> 0 | K94: 0 | L94: 0 | M94: 0 | N94: 0 | O94: 0 | P94: 0 | Q94: 0 | R94: =G94+S94 -> 6 | S94: 0 | T94: =U94+V94+W94 -> 0 | U94: 0 | V94: 0 | W94: 0 | X94: 0 | Y94: 0 | Z94: =SUM(AA94:AI94) -> 0 | AA94: 0 | AB94: 0 | AC94: 0 | AD94: 0 | AE94: 0 | AF94: 0 | AG94: 0 | AH94: 0 | AI94: 0 | AJ94: 0 | AK94: 0 | AL94: 0 | AM94: 0 | AN94: 0 | AO94: 0 | AP94: =SUM(E94:AO94)-Z94-J94-T94-R94 -> 418 | AR94: 43564 | AS94: 0.4375 | AT94: NPB | AU94: 10 | AV94: YSI 2030 | AW94: 10.65 | AX94: 130.7 | AY94: 23.13 | AZ94: 14 | BA94: 21.4 | BB94: 762.6 | BC94: 7.65 | BD94: 0 | BE94: 0 | BF94: - | BG94: -
A95: 43564 | B95: NWP | C95: FB250 | E95: 3018 | F95: 1008 | G95: 2 | H95: 6377 | I95: 0 | J95: =P95+O95+N95+M95+L95+K95 -> 0 | K95: 0 | L95: 0 | M95: 0 | N95: 0 | O95: 0 | P95: 0 | Q95: 2 | R95: =G95+S95 -> 2 | S95: 0 | T95: =U95+V95+W95 -> 0 | U95: 0 | V95: 0 | W95: 0 | X95: 0 | Y95: 0 | Z95: =SUM(AA95:AI95) -> 10 | AA95: 0 | AB95: 10 | AC95: 0 | AD95: 0 | AE95: 0 | AF95: 0 | AG95: 0 | AH95: 0 | AI95: 0 | AJ95: 0 | AK95: 0 | AL95: 0 | AM95: 27 | AN95: 28 | AO95: 0 | AP95: =SUM(E95:AO95)-Z95-J95-T95-R95 -> 10472 | AR95: 43564 | AS95: 0.44791667 | AT95: NWP | AU95: 10 | AV95: YSI 2030 | AW95: 9.2 | AX95: 102 | AY95: 1.81 | AZ95: 0.9 | BA95: 20.4 | BB95: 762.5 | BC95: 6.5 | BD95: 0 | BE95: 0 | BF95: 3 | BG95: 0.61
A96: 43565 | B96: NEC | C96: FB250 | E96: 7 | F96: 170 | G96: 5 | H96: 0 | I96: 2 | J96: =P96+O96+N96+M96+L96+K96 -> 0 | K96: 0 | L96: 0 | M96: 0 | N96: 0 | O96: 0 | P96: 0 | Q96: 0 | R96: =G96+S96 -> 5 | S96: 0 | T96: =U96+V96+W96 -> 0 | U96: 0 | V96: 0 | W96: 0 | X96: 0 | Y96: 0 | Z96: =SUM(AA96:AI96) -> 0 | AA96: 0 | AB96: 0 | AC96: 0 | AD96: 0 | AE96: 0 | AF96: 0 | AG96: 0 | AH96: 0 | AI96: 0 | AJ96: 0 | AK96: 0 | AL96: 0 | AM96: 0 | AN96: 0 | AO96: 0 | AP96: =SUM(E96:AO96)-Z96-J96-T96-R96 -> 184 | AR96: 43565 | AS96: 0.75347222 | AT96: NEC | AU96: 10 | AV96: YSI 2030 | AW96: 10.4 | AX96: 134 | AY96: 43.03 | AZ96: 27.8 | BA96: 22.3 | BB96: 763.3 | BC96: 7.82 | BD96: - | BE96: - | BF96: - | BG96: -
A97: 43565 | B97: NMC | C97: FB250 | E97: 3 | F97: 15 | G97: 6 | H97: 0 | I97: 0 | J97: =P97+O97+N97+M97+L97+K97 -> 0 | K97: 0 | L97: 0 | M97: 0 | N97: 0 | O97: 0 | P97: 0 | Q97: 0 | R97: =G97+S97 -> 6 | S97: 0 | T97: =U97+V97+W97 -> 0 | U97: 0 | V97: 0 | W97: 0 | X97: 0 | Y97: 0 | Z97: =SUM(AA97:AI97) -> 0 | AA97: 0 | AB97: 0 | AC97: 0 | AD97: 0 | AE97: 0 | AF97: 0 | AG97: 0 | AH97: 0 | AI97: 0 | AJ97: 0 | AK97: 0 | AL97: 0 | AM97: 0 | AN97: 0 | AO97: 0 | AP97: =SUM(E97:AO97)-Z97-J97-T97-R97 -> 24 | AR97: 43565 | AS97: - | AT97: NMC | AU97: 10 | AV97: YSI 2030 | AW97: 11.6 | AX97: 154 | AY97: 42.35 | AZ97: 26.7 | BA97: 21.3 | BB97: 763.3 | BC97: 7.77 | BD97: - | BE97: - | BF97: - | BG97: -
A98: 43565 | B98: VCC7 | C98: FB250 | E98: 785 | F98: 720 | G98: 2 | H98: 5000 | I98: 0 | J98: =P98+O98+N98+M98+L98+K98 -> 14 | K98: 0 | L98: 14 | M98: 0 | N98: 0 | O98: 0 | P98: 0 | Q98: 0 | R98: =G98+S98 -> 2 | S98: 0 | T98: =U98+V98+W98 -> 0 | U98: 0 | V98: 0 | W98: 0 | X98: 0 | Y98: 2 | Z98: =SUM(AA98:AI98) -> 3 | AA98: 0 | AB98: 3 | AC98: 0 | AD98: 0 | AE98: 0 | AF98: 0 | AG98: 0 | AH98: 0 | AI98: 0 | AJ98: 0 | AK98: 0 | AL98: 0 | AM98: 0 | AN98: 0 | AO98: 0 | AP98: =SUM(E98:AO98)-Z98-J98-T98-R98 -> 6526 | AR98: 43565 | AS98: 0.45833333 | AT98: VCC7 | AU98: 5 | AV98: YSI 2030 | AW98: 8.4 | AX98: 113 | AY98: 0.0003 | AZ98: 0 | BA98: 32.8 | BB98: 761.6 | BC98: 6.8 | BD98: 76 | BE98: 0 | BF98: 2 | BG98: 0.05
A99: 43565 | B99: VDSN | C99: FB250 | E99: 2112 | F99: 216 | G99: 0 | H99: 17744 | I99: 192 | J99: =P99+O99+N99+M99+L99+K99 -> 46 | K99: 0 | L99: 28 | M99: 0 | N99: 18 | O99: 0 | P99: 0 | Q99: 0 | R99: =G99+S99 -> 0 | S99: 0 | T99: =U99+V99+W99 -> 0 | U99: 0 | V99: 0 | W99: 0 | X99: 0 | Y99: 0 | Z99: =SUM(AA99:AI99) -> 2 | AA99: 1 | AB99: 1 | AC99: 0 | AD99: 0 | AE99: 0 | AF99: 0 | AG99: 0 | AH99: 0 | AI99: 0 | AJ99: 0 | AK99: 0 | AL99: 0 | AM99: 0 | AN99: 0 | AO99: 0 | AP99: =SUM(E99:AO99)-Z99-J99-T99-R99 -> 20312 | AR99: 43565 | AS99: 0.55902778 | AT99: VDSN | AU99: 10 | AV99: YSI 2030 | AW99: 3.9 | AX99: 45 | AY99: 0.076 | AZ99: 0 | BA99: 23.5 | BB99: 761.5 | BC99: 6.1 | BD99: 0 | BE99: 0 | BF99: 0.05 | BG99: 0.19
A100: 43566 | B100: CUL1 | C100: FB250 | E100: 3 | F100: 161 | G100: 67 | H100: 0 | I100: 3 | J100: =P100+O100+N100+M100+L100+K100 -> 1 | K100: 0 | L100: 1 | M100: 0 | N100: 0 | O100: 0 | P100: 0 | Q100: 0 | R100: =G100+S100 -> 67 | S100: 0 | T100: =U100+V100+W100 -> 0 | U100: 0 | V100: 0 | W100: 0 | X100: 0 | Y100: 0 | Z100: =SUM(AA100:AI100) -> 0 | AA100: 0 | AB100: 0 | AC100: 0 | AD100: 0 | AE100: 0 | AF100: 0 | AG100: 0 | AH100: 0 | AI100: 0 | AJ100: 0 | AK100: 0 | AL100: 0 | AM100: 0 | AN100: 0 | AO100: 0 | AP100: =SUM(E100:AO100)-Z100-J100-T100-R100 -> 235 | AR100: 43566 | AS100: - | AT100: CUL1 | AU100: 10 | AV100: YSI 2030 | AW100: 11.2 | AX100: 150 | AY100: 57.8 | AZ100: 38.6 | BA100: 18.6 | BB100: 763.2 | BC100: 7.92 | BD100: - | BE100: - | BF100: - | BG100: -
A101: 43566 | B101: MO1 | C101: FB250 | E101: 0 | F101: 85 | G101: 3 | H101: 0 | I101: 0 | J101: =P101+O101+N101+M101+L101+K101 -> 0 | K101: 0 | L101: 0 | M101: 0 | N101: 0 | O101: 0 | P101: 0 | Q101: 0 | R101: =G101+S101 -> 3 | S101: 0 | T101: =U101+V101+W101 -> 0 | U101: 0 | V101: 0 | W101: 0 | X101: 0 | Y101: 0 | Z101: =SUM(AA101:AI101) -> 0 | AA101: 0 | AB101: 0 | AC101: 0 | AD101: 0 | AE101: 0 | AF101: 0 | AG101: 0 | AH101: 0 | AI101: 0 | AJ101: 0 | AK101: 0 | AL101: 0 | AM101: 0 | AN101: 0 | AO101: 0 | AP101: =SUM(E101:AO101)-Z101-J101-T101-R101 -> 88 | AR101: 43566 | AS101: - | AT101: MO1 | AU101: 10 | AV101: YSI 2030 | AW101: 9.5 | AX101: 115 | AY101: 44.01 | AZ101: 28.5 | BA101: 16.2 | BB101: 763.6 | BC101: 7.83 | BD101: - | BE101: - | BF101: - | BG101: -
A102: 43569 | B102: NVBR | C102: FB250 | E102: 41 | F102: 47 | G102: 10 | H102: 0 | I102: 0 | J102: =P102+O102+N102+M102+L102+K102 -> 0 | K102: 0 | L102: 0 | M102: 0 | N102: 0 | O102: 0 | P102: 0 | Q102: 1 | R102: =G102+S102 -> 10 | S102: 0 | T102: =U102+V102+W102 -> 0 | U102: 0 | V102: 0 | W102: 0 | X102: 0 | Y102: 0 | Z102: =SUM(AA102:AI102) -> 0 | AA102: 0 | AB102: 0 | AC102: 0 | AD102: 0 | AE102: 0 | AF102: 0 | AG102: 0 | AH102: 0 | AI102: 0 | AJ102: 0 | AK102: 0 | AL102: 0 | AM102: 1 | AN102: 0 | AO102: 0 | AP102: =SUM(E102:AO102)-Z102-J102-T102-R102 -> 100 | AR102: 43569 | AS102: 0.53472222 | AT102: NVBR | AU102: 10 | AV102: YSI 2030 | AW102: 11.2 | AX102: 154 | AY102: 48.64 | AZ102: 31.8 | BA102: 22.1 | BB102: 761 | BC102: 7.96 | BD102: - | BE102: - | BF102: - | BG102: -
...

Sheet 2019 Normalized
A1: Normalized* Data | E1: CORE (# X 10.98) FB250 (# / 7.5) SW1 (# / 300) | O1: *Normalized to one liter of the volume sampled
A2: Date | B2: Site | C2: Sample Type | E2: Ostracod | F2: Copepod | G2: Hemiptera: Corixidae (boatman) | H2: Cladocera | I2: Nematode | J2: Diptera - TOTAL | K2: Dipteran sp. | L2: Diptera: Chironomid | M2: Diptera: Ceratopogonidae | N2: Diptera: Culicidae | O2: Diptera: Ephydridae | P2: Diptera: Stratiomyidae | Q2: Amphipod | R2: Hemiptera TOTAL | S2: Hemiptera-Notonectidae | T2: Annelida TOTAL | U2: Annelida Sp. | V2: Annelida: Oligochaete | W2: Annelida: Polychaete | X2: Ephemeroptera Sp. | Y2: Odonate | Z2: Coleoptera - TOTAL | AA2: Coleoptera sp. | AB2: Coleoptera: Dytiscidae | AC2: Coleoptera: Dytiscidae: Liodessus affinis | AD2: Coleoptera: Dytiscidae: Agabus | AE2: Coleoptera: Dytiscidae: Colymbetinae | AF2: Coleoptera: Curculionidae (Weavil) | AG2: Coleoptera - Hydrophilidae | AH2: Coleoperta Hydraenidae | AI2: Coleoptera- Gyrindae- Gyrinini | AJ2: Tipulidae Larva | AK2: Arachnida: Acari (mite) | AL2: Trichoptera Sp. | AM2: Collembola (Springtail) | AN2: Gastropod - snail | AO2: Clam Shrimp | AP2: Total # | AR2: Date | AS2: Time | AT2: Site | AU2: WQ Measurement Depth (cm) | AV2: Sample Type | AW2: Dissolved Oxygen (mg/L) | AX2: Dissolved Oxygen (%) | AY2: Conductivity-specific (mS/cm) | AZ2: Salinity (ppt) | BA2: Temperature (C) | BB2: AtmosphPressure (mmHg) | BC2: pH | BD2: No. Tadpoles | BE2: No. Fish | BF2: Sampled Width (m) | BG2: Max Invertebrate Sampled Depth (m) | BH2: Comments
A3: 2019 Data from 2018 Sites | E3: (#/Liter) | F3: (#/Liter) | G3: (#/Liter) | H3: (#/Liter) | I3: (#/Liter) | J3: (#/Liter) | K3: (#/Liter) | L3: (#/Liter) | M3: (#/Liter) | N3: (#/Liter) | O3: (#/Liter) | P3: (#/Liter) | Q3: (#/Liter) | R3: (#/Liter) | S3: (#/Liter) | T3: (#/Liter) | U3: (#/Liter) | V3: (#/Liter) | W3: (#/Liter) | X3: (#/Liter) | Y3: (#/Liter) | Z3: (#/Liter) | AA3: (#/Liter) | AB3: (#/Liter) | AC3: (#/Liter) | AD3: (#/Liter) | AE3: (#/Liter) | AF3: (#/Liter) | AG3: (#/Liter) | AH3: (#/Liter) | AI3: (#/Liter) | AJ3: (#/Liter) | AK3: (#/Liter) | AL3: (#/Liter) | AM3: (#/Liter) | AN3: (#/Liter) | AO3: (#/Liter) | AP3: (#/Liter)
A4: 43495 | B4: VNVP4 | C4: CORE | E4: 10.98 | F4: 0 | G4: 0 | H4: 98.82 | I4: 0 | J4: 76.86 | K4: 0 | L4: 76.86 | M4: 0 | N4: 0 | O4: 0 | P4: 0 | Q4: 0 | R4: 0 | S4: 0 | T4: 0 | U4: 0 | V4: 0 | W4: 0 | X4: 0 | Y4: 0 | Z4: 0 | AA4: 0 | AB4: 0 | AC4: 0 | AD4: 0 | AE4: 0 | AF4: 0 | AG4: 0 | AH4: 0 | AI4: 0 | AJ4: 0 | AK4: 0 | AL4: 0 | AM4: 0 | AN4: 0 | AO4: 0 | AP4: =SUM(E4:AO4)-(J4+R4+T4+Z4) -> 186.66 | AR4: 43495 | AS4: 0.47916667 | AT4: NVP4 | AU4: 10 | AV4: YSI 2030 | AW4: 8.181 | AX4: 86.5 | AY4: 0.32 | AZ4: 0.2 | BA4: 18 | BB4: 760 | BC4: 8.51 | BD4: 3 | BE4: 0 | BF4: 17 | BG4: 0.3
A5: 43503 | B5: VNVP2 | C5: CORE | E5: 76.86 | F5: 0 | G5: 0 | H5: 439.2 | I5: 0 | J5: 65.88 | K5: 0 | L5: 65.88 | M5: 0 | N5: 0 | O5: 0 | P5: 0 | Q5: 0 | R5: 0 | S5: 0 | T5: 0 | U5: 0 | V5: 0 | W5: 0 | X5: 0 | Y5: 0 | Z5: 10.98 | AA5: 0 | AB5: 10.98 | AC5: 0 | AD5: 0 | AE5: 0 | AF5: 0 | AG5: 0 | AH5: 0 | AI5: 0 | AJ5: 0 | AK5: 0 | AL5: 0 | AM5: 0 | AN5: 0 | AO5: 0 | AP5: =SUM(E5:AO5)-(J5+R5+T5+Z5) -> 592.92 | AR5: 7-Feb-19 | AS5: 11:50 | AT5: NVP2 | AU5: 10 | AV5: YSI 2030 | AW5: 10.3 | AX5: 101 | AY5: 0.39 | AZ5: 0.2 | BA5: 15.3 | BB5: 768.7 | BC5: 7.6 | BD5: 1 | BE5: - | BF5: 32 | BG5: 0.5
A6: 43564 | B6: NPB | C6: CORE | E6: 164.7 | F6: 1240.74 | G6: 0 | H6: 340.38 | I6: 43.92 | J6: 0 | K6: 0 | L6: 0 | M6: 0 | N6: 0 | O6: 0 | P6: 0 | Q6: 0 | R6: 0 | S6: 0 | T6: 0 | U6: 0 | V6: 0 | W6: 0 | X6: 0 | Y6: 0 | Z6: 0 | AA6: 0 | AB6: 0 | AC6: 0 | AD6: 0 | AE6: 0 | AF6: 0 | AG6: 0 | AH6: 0 | AI6: 0 | AJ6: 0 | AK6: 0 | AL6: 0 | AM6: 0 | AN6: 0 | AO6: 0 | AP6: =SUM(E6:AO6)-(J6+R6+T6+Z6) -> 1789.74 | AR6: 43564 | AS6: 0.4375 | AT6: NPB | AU6: 10 | AV6: YSI 2030 | AW6: 10.65 | AX6: 130.7 | AY6: 23.13 | AZ6: 14 | BA6: 21.4 | BB6: 762.6 | BC6: 7.65 | BD6: 0 | BE6: 0 | BF6: - | BG6: -
A7: 43564 | B7: NWP | C7: CORE | E7: 1734.84 | F7: 76.86 | G7: 0 | H7: 120.78 | I7: 0 | J7: 0 | K7: 0 | L7: 0 | M7: 0 | N7: 0 | O7: 0 | P7: 0 | Q7: 0 | R7: 0 | S7: 0 | T7: 175.68 | U7: 0 | V7: 175.68 | W7: 0 | X7: 0 | Y7: 0 | Z7: 0 | AA7: 0 | AB7: 0 | AC7: 0 | AD7: 0 | AE7: 0 | AF7: 0 | AG7: 0 | AH7: 0 | AI7: 0 | AJ7: 0 | AK7: 0 | AL7: 0 | AM7: 0 | AN7: 76.86 | AO7: 0 | AP7: =SUM(E7:AO7)-(J7+R7+T7+Z7) -> 2185.02 | AR7: 43564 | AS7: 0.44791667 | AT7: NWP | AU7: 10 | AV7: YSI 2030 | AW7: 9.2 | AX7: 102 | AY7: 1.81 | AZ7: 0.9 | BA7: 20.4 | BB7: 762.5 | BC7: 6.5 | BD7: 0 | BE7: 0 | BF7: 3 | BG7: 0.61
A8: 43565 | B8: NEC | C8: CORE | E8: 109.8 | F8: 252.54 | G8: 0 | H8: 0 | I8: 0 | J8: 0 | K8: 0 | L8: 0 | M8: 0 | N8: 0 | O8: 0 | P8: 0 | Q8: 0 | R8: 0 | S8: 0 | T8: 98.82 | U8: 0 | V8: 98.82 | W8: 0 | X8: 0 | Y8: 0 | Z8: 0 | AA8: 0 | AB8: 0 | AC8: 0 | AD8: 0 | AE8: 0 | AF8: 0 | AG8: 0 | AH8: 0 | AI8: 0 | AJ8: 0 | AK8: 0 | AL8: 0 | AM8: 0 | AN8: 0 | AO8: 0 | AP8: =SUM(E8:AO8)-(J8+R8+T8+Z8) -> 461.16 | AR8: 43565 | AS8: 0.75347222 | AT8: NEC | AU8: 10 | AV8: YSI 2030 | AW8: 10.4 | AX8: 134 | AY8: 43.03 | AZ8: 27.8 | BA8: 22.3 | BB8: 763.3 | BC8: 7.82 | BD8: - | BE8: - | BF8: - | BG8: -
A9: 43565 | B9: NMC | C9: CORE | E9: 32.94 | F9: 109.8 | G9: 10.98 | H9: 0 | I9: 0 | J9: 0 | K9: 0 | L9: 0 | M9: 0 | N9: 0 | O9: 0 | P9: 0 | Q9: 0 | R9: 10.98 | S9: 0 | T9: 713.7 | U9: 0 | V9: 702.72 | W9: 10.98 | X9: 0 | Y9: 0 | Z9: 0 | AA9: 0 | AB9: 0 | AC9: 0 | AD9: 0 | AE9: 0 | AF9: 0 | AG9: 0 | AH9: 0 | AI9: 0 | AJ9: 0 | AK9: 0 | AL9: 0 | AM9: 0 | AN9: 0 | AO9: 0 | AP9: =SUM(E9:AO9)-(J9+R9+T9+Z9) -> 867.42 | AR9: 43565 | AS9: - | AT9: NMC | AU9: 10 | AV9: YSI 2030 | AW9: 11.6 | AX9: 154 | AY9: 42.35 | AZ9: 26.7 | BA9: 21.3 | BB9: 763.3 | BC9: 7.77 | BD9: - | BE9: - | BF9: - | BG9: -
A10: 43566 | B10: CUL1 | C10: CORE | E10: 109.8 | F10: 570.96 | G10: 10.98 | H10: 0 | I10: 0 | J10: 0 | K10: 0 | L10: 0 | M10: 0 | N10: 0 | O10: 0 | P10: 0 | Q10: 0 | R10: 10.98 | S10: 0 | T10: 944.28 | U10: 0 | V10: 944.28 | W10: 0 | X10: 0 | Y10: 0 | Z10: 10.98 | AA10: 10.98 | AB10: 0 | AC10: 0 | AD10: 0 | AE10: 0 | AF10: 0 | AG10: 0 | AH10: 0 | AI10: 0 | AJ10: 0 | AK10: 0 | AL10: 0 | AM10: 0 | AN10: 0 | AO10: 0 | AP10: =SUM(E10:AO10)-(J10+R10+T10+Z10) -> 1647 | AR10: 43566 | AS10: - | AT10: CUL1 | AU10: 10 | AV10: YSI 2030 | AW10: 11.2 | AX10: 150 | AY10: 57.8 | AZ10: 38.6 | BA10: 18.6 | BB10: 763.2 | BC10: 7.92 | BD10: - | BE10: - | BF10: - | BG10: -
A11: 43566 | B11: MO1 | C11: CORE | E11: 76.86 | F11: 483.12 | G11: 0 | H11: 0 | I11: 461.16 | J11: 0 | K11: 0 | L11: 0 | M11: 0 | N11: 0 | O11: 0 | P11: 0 | Q11: 0 | R11: 0 | S11: 0 | T11: 54.9 | U11: 0 | V11: 0 | W11: 54.9 | X11: 0 | Y11: 0 | Z11: 0 | AA11: 0 | AB11: 0 | AC11: 0 | AD11: 0 | AE11: 0 | AF11: 0 | AG11: 0 | AH11: 0 | AI11: 0 | AJ11: 0 | AK11: 0 | AL11: 0 | AM11: 0 | AN11: 0 | AO11: 0 | AP11: =SUM(E11:AO11)-(J11+R11+T11+Z11) -> 1076.04 | AR11: 43566 | AS11: - | AT11: MO1 | AU11: 10 | AV11: YSI 2030 | AW11: 9.5 | AX11: 115 | AY11: 44.01 | AZ11: 28.5 | BA11: 16.2 | BB11: 763.6 | BC11: 7.83 | BD11: - | BE11: - | BF11: - | BG11: -
A12: 43569 | B12: NVBR | C12: CORE | E12: 724.68 | F12: 32.94 | G12: 10.98 | H12: 0 | I12: 0 | J12: 32.94 | K12: 0 | L12: 10.98 | M12: 21.96 | N12: 0 | O12: 0 | P12: 0 | Q12: 0 | R12: 10.98 | S12: 0 | T12: 1207.8 | U12: 0 | V12: 1207.8 | W12: 0 | X12: 0 | Y12: 0 | Z12: 10.98 | AA12: 10.98 | AB12: 0 | AC12: 0 | AD12: 0 | AE12: 0 | AF12: 0 | AG12: 0 | AH12: 0 | AI12: 0 | AJ12: 0 | AK12: 0 | AL12: 0 | AM12: 0 | AN12: 0 | AO12: 0 | AP12: =SUM(E12:AO12)-(J12+R12+T12+Z12) -> 2020.32 | AR12: 43569 | AS12: 0.53472222 | AT12: NVBR | AU12: 10 | AV12: YSI 2030 | AW12: 11.2 | AX12: 154 | AY12: 48.64 | AZ12: 31.8 | BA12: 22.1 | BB12: 761 | BC12: 7.96 | BD12: - | BE12: - | BF12: - | BG12: -
A13: 43569 | B13: VBR1 | C13: CORE | E13: 0 | F13: 98.82 | G13: 0 | H13: 0 | I13: 0 | J13: 10.98 | K13: 0 | L13: 0 | M13: 10.98 | N13: 0 | O13: 0 | P13: 0 | Q13: 0 | R13: 0 | S13: 0 | T13: 801.54 | U13: 0 | V13: 801.54 | W13: 0 | X13: 0 | Y13: 0 | Z13: 0 | AA13: 0 | AB13: 0 | AC13: 0 | AD13: 0 | AE13: 0 | AF13: 0 | AG13: 0 | AH13: 0 | AI13: 0 | AJ13: 0 | AK13: 0 | AL13: 0 | AM13: 0 | AN13: 0 | AO13: 0 | AP13: =SUM(E13:AO13)-(J13+R13+T13+Z13) -> 911.34 | AR13: 43569 | AS13: 0.625 | AT13: VBR1 | AU13: 10 | AV13: YSI 2030 | AW13: 13.6 | AX13: 189 | AY13: 48.5 | AZ13: 31.9 | BA13: 22.1 | BB13: 761.9 | BC13: 7.94 | BD13: - | BE13: - | BF13: - | BG13: -
A14: 43573 | B14: DSP | C14: CORE | E14: 999.18 | F14: 0 | G14: 0 | H14: 4249.26 | I14: 21.96 | J14: 21.96 | K14: 0 | L14: 21.96 | M14: 0 | N14: 0 | O14: 0 | P14: 0 | Q14: 0 | R14: 0 | S14: 0 | T14: 54.9 | U14: 0 | V14: 54.9 | W14: 0 | X14: 0 | Y14: 0 | Z14: 0 | AA14: 0 | AB14: 0 | AC14: 0 | AD14: 0 | AE14: 0 | AF14: 0 | AG14: 0 | AH14: 0 | AI14: 0 | AJ14: 0 | AK14: 0 | AL14: 0 | AM14: 54.9 | AN14: 0 | AO14: 0 | AP14: =SUM(E14:AO14)-(J14+R14+T14+Z14) -> 5402.16 | AR14: 43573 | AS14: 0.4375 | AT14: DSP | AU14: 10 | AV14: YSI 2030 | AW14: 2.6 | AX14: 29 | AY14: 1.42 | AZ14: 0.7 | BA14: 20.7 | BB14: 765.2 | BC14: 6.78 | BD14: - | BE14: - | BF14: - | BG14: -
A15: 43573 | B15: NDC | C15: CORE | E15: 417.24 | F15: 76.86 | G15: 0 | H15: 614.88 | I15: 10.98 | J15: 0 | K15: 0 | L15: 0 | M15: 0 | N15: 0 | O15: 0 | P15: 0 | Q15: 0 | R15: 0 | S15: 0 | T15: 0 | U15: 0 | V15: 0 | W15: 0 | X15: 0 | Y15: 0 | Z15: 0 | AA15: 0 | AB15: 0 | AC15: 0 | AD15: 0 | AE15: 0 | AF15: 0 | AG15: 0 | AH15: 0 | AI15: 0 | AJ15: 0 | AK15: 0 | AL15: 0 | AM15: 0 | AN15: 0 | AO15: 0 | AP15: =SUM(E15:AO15)-(J15+R15+T15+Z15) -> 1119.96 | AR15: 43573 | AS15: 0.47222222 | AT15: NDC | AU15: 2 | AV15: YSI 2030 | AW15: 11.4 | AX15: 132 | AY15: 3.064 | AZ15: 1.6 | BA15: 22.1 | BB15: 764.6 | BC15: 8.25 | BD15: 0 | BE15: 0 | BF15: 2 | BG15: 5 | BH15: Full of red water plants
A16: 43586 | B16: VNVP2 | C16: CORE | E16: 1668.96 | F16: 0 | G16: 0 | H16: 0 | I16: 21.96 | J16: 0 | K16: 0 | L16: 0 | M16: 0 | N16: 0 | O16: 0 | P16: 0 | Q16: 0 | R16: 0 | S16: 0 | T16: 0 | U16: 0 | V16: 0 | W16: 0 | X16: 0 | Y16: 0 | Z16: 0 | AA16: 0 | AB16: 0 | AC16: 0 | AD16: 0 | AE16: 0 | AF16: 0 | AG16: 0 | AH16: 0 | AI16: 0 | AJ16: 0 | AK16: 0 | AL16: 0 | AM16: 0 | AN16: 0 | AO16: 0 | AP16: =SUM(E16:AO16)-(J16+R16+T16+Z16) -> 1690.92 | AR16: 43586 | AS16: 0.61458333 | AT16: NVP2 | AU16: 10 | AV16: YSI 2030 | AW16: 8 | AX16: 103 | AY16: 0.0007 | AZ16: 0 | BA16: 28.3 | BB16: 759.5 | BC16: 7.8 | BD16: 0 | BE16: 0 | BF16: 18 | BG16: 0.2
A17: 43586 | B17: VNVP4 | C17: CORE | E17: 395.28 | F17: 21.96 | G17: 0 | H17: 32.94 | I17: 10.98 | J17: 21.96 | K17: 0 | L17: 21.96 | M17: 0 | N17: 0 | O17: 0 | P17: 0 | Q17: 0 | R17: 0 | S17: 0 | T17: 0 | U17: 0 | V17: 0 | W17: 0 | X17: 0 | Y17: 0 | Z17: 0 | AA17: 0 | AB17: 0 | AC17: 0 | AD17: 0 | AE17: 0 | AF17: 0 | AG17: 0 | AH17: 0 | AI17: 0 | AJ17: 0 | AK17: 0 | AL17: 0 | AM17: 0 | AN17: 0 | AO17: 0 | AP17: =SUM(E17:AO17)-(J17+R17+T17+Z17) -> 483.12 | AR17: 43586 | AS17: 0.5625 | AT17: NVP4 | AU17: 5 | AV17: YSI 2030 | AW17: 15.76 | AX17: 183 | AY17: 0.204 | AZ17: 0.1 | BA17: 22.7 | BB17: 760.5 | BC17: 9.2 | BD17: 0 | BE17: 0 | BF17: 10 | BG17: 0.05 | BH17: Maximum pool depth 10 cm
A18: 43643 | B18: MO1 | C18: CORE | E18: 131.76 | F18: 669.78 | G18: 0 | H18: 0 | I18: 0 | J18: 87.84 | K18: 0 | L18: 76.86 | M18: 0 | N18: 0 | O18: 10.98 | P18: 0 | Q18: 43.92 | R18: 0 | S18: 0 | T18: 10.98 | U18: 10.98 | V18: 0 | W18: 0 | X18: 0 | Y18: 0 | Z18: 0 | AA18: 0 | AB18: 0 | AC18: 0 | AD18: 0 | AE18: 0 | AF18: 0 | AG18: 0 | AH18: 0 | AI18: 0 | AJ18: 0 | AK18: 0 | AL18: 0 | AM18: 0 | AN18: 0 | AO18: 0 | AP18: =SUM(E18:AO18)-(J18+R18+T18+Z18) -> 944.28 | AR18: 43643 | AS18: 0.60416667 | AT18: MO1 | AU18: 10 | AV18: YSI 2030 | AW18: 15.1 | AX18: 214 | AY18: 39.6 | AZ18: 25.3 | BA18: 25.8 | BB18: 761 | BC18: 8.6 | BD18: 0 | BE18: 0 | BF18: 2 | BG18: 0.15
A19: 43643 | B19: NDC | C19: CORE | E19: 142.74 | F19: 54.9 | G19: 0 | H19: 10.98 | I19: 241.56 | J19: 10.98 | K19: 0 | L19: 10.98 | M19: 0 | N19: 0 | O19: 0 | P19: 0 | Q19: 0 | R19: 0 | S19: 0 | T19: 0 | U19: 0 | V19: 0 | W19: 0 | X19: 0 | Y19: 0 | Z19: 0 | AA19: 0 | AB19: 0 | AC19: 0 | AD19: 0 | AE19: 0 | AF19: 0 | AG19: 0 | AH19: 0 | AI19: 0 | AJ19: 0 | AK19: 0 | AL19: 0 | AM19: 0 | AN19: 43.92 | AO19: 0 | AP19: =SUM(E19:AO19)-(J19+R19+T19+Z19) -> 505.08 | AR19: 43643 | AS19: 0.46875 | AT19: NDC | AU19: 5 | AV19: YSI 2030 | AW19: 3.8 | AX19: 42 | AY19: 5.61 | AZ19: 3.1 | BA19: 20.6 | BB19: 763.1 | BC19: 6.5 | BD19: 0 | BE19: 0 | BF19: 1.5 | BG19: 0.07 | BH19: Covered with red algae-photos
A20: 43643 | B20: NWP | C20: CORE | E20: 43.92 | F20: 0 | G20: 0 | H20: 164.7 | I20: 0 | J20: 0 | K20: 0 | L20: 0 | M20: 0 | N20: 0 | O20: 0 | P20: 0 | Q20: 0 | R20: 0 | S20: 0 | T20: 0 | U20: 0 | V20: 0 | W20: 0 | X20: 0 | Y20: 0 | Z20: 0 | AA20: 0 | AB20: 0 | AC20: 0 | AD20: 0 | AE20: 0 | AF20: 0 | AG20: 0 | AH20: 0 | AI20: 0 | AJ20: 0 | AK20: 0 | AL20: 0 | AM20: 0 | AN20: 0 | AO20: 0 | AP20: =SUM(E20:AO20)-(J20+R20+T20+Z20) -> 208.62 | AR20: 43643 | AS20: 0.49305556 | AT20: NWP | AU20: 10 | AV20: YSI 2030 | AW20: 13.1 | AX20: 161 | AY20: 2.39 | AZ20: 1.2 | BA20: 24.5 | BB20: 762.8 | BC20: 8.8 | BD20: 0 | BE20: 0 | BF20: 2 | BG20: 0.15
A21: 43647 | B21: NPB | C21: CORE | E21: 0 | F21: 0 | G21: 21.96 | H21: 0 | I21: 10.98 | J21: 0 | K21: 0 | L21: 0 | M21: 0 | N21: 0 | O21: 0 | P21: 0 | Q21: 0 | R21: 21.96 | S21: 0 | T21: 0 | U21: 0 | V21: 0 | W21: 0 | X21: 0 | Y21: 0 | Z21: 0 | AA21: 0 | AB21: 0 | AC21: 0 | AD21: 0 | AE21: 0 | AF21: 0 | AG21: 0 | AH21: 0 | AI21: 0 | AJ21: 0 | AK21: 0 | AL21: 0 | AM21: 0 | AN21: 0 | AO21: 0 | AP21: =SUM(E21:AO21)-(J21+R21+T21+Z21) -> 32.94 | AR21: 43647 | AS21: 0.39583333 | AT21: NPB | AU21: 10 | AV21: YSI 2030 | AW21: 7.8 | AX21: 101 | AY21: 13.69 | AZ21: 7.9 | BA21: 26.2 | BB21: 759.2 | BC21: 7.5 | BD21: 0 | BE21: 1 | BF21: 2.5 | BG21: 0.2
A22: 43648 | B22: NVBR | C22: CORE | E22: 153.72 | F22: 0 | G22: 0 | H22: 0 | I22: 0 | J22: 0 | K22: 0 | L22: 0 | M22: 0 | N22: 0 | O22: 0 | P22: 0 | Q22: 0 | R22: 0 | S22: 0 | T22: 0 | U22: 0 | V22: 0 | W22: 0 | X22: 0 | Y22: 0 | Z22: 0 | AA22: 0 | AB22: 0 | AC22: 0 | AD22: 0 | AE22: 0 | AF22: 0 | AG22: 0 | AH22: 0 | AI22: 0 | AJ22: 0 | AK22: 0 | AL22: 0 | AM22: 0 | AN22: 0 | AO22: 0 | AP22: =SUM(E22:AO22)-(J22+R22+T22+Z22) -> 153.72 | AR22: 43648 | AS22: 0.66666667 | AT22: NVBR | AU22: 10 | AV22: YSI 2030 | AW22: 13.2 | AX22: 195 | AY22: 32.2 | AZ22: 20 | BA22: 29.7 | BB22: 758 | BC22: 8.9 | BD22: 0 | BE22: 0 | BF22: 3 | BG22: 0.4
A23: 43648 | B23: VBR1 | C23: CORE | E23: 1152.9 | F23: 0 | G23: 0 | H23: 0 | I23: 0 | J23: 0 | K23: 0 | L23: 0 | M23: 0 | N23: 0 | O23: 0 | P23: 0 | Q23: 0 | R23: 0 | S23: 0 | T23: 10.98 | U23: 10.98 | V23: 0 | W23: 0 | X23: 0 | Y23: 0 | Z23: 0 | AA23: 0 | AB23: 0 | AC23: 0 | AD23: 0 | AE23: 0 | AF23: 0 | AG23: 0 | AH23: 0 | AI23: 0 | AJ23: 0 | AK23: 0 | AL23: 0 | AM23: 0 | AN23: 0 | AO23: 0 | AP23: =SUM(E23:AO23)-(J23+R23+T23+Z23) -> 1163.88 | AR23: 43648 | AS23: 0.70833333 | AT23: VBR1 | AU23: 10 | AV23: YSI 2030 | AW23: 12.8 | AX23: 193 | AY23: 33.6 | AZ23: 21 | BA23: 29.3 | BB23: 757.2 | BC23: 8.9 | BD23: 0 | BE23: 0 | BF23: 2 | BG23: 0.4
A24: 43657 | B24: DSP | C24: CORE | E24: 10.98 | F24: 0 | G24: 10.98 | H24: 21.96 | I24: 0 | J24: 0 | K24: 0 | L24: 0 | M24: 0 | N24: 0 | O24: 0 | P24: 0 | Q24: 0 | R24: 10.98 | S24: 0 | T24: 0 | U24: 0 | V24: 0 | W24: 0 | X24: 0 | Y24: 0 | Z24: 0 | AA24: 0 | AB24: 0 | AC24: 0 | AD24: 0 | AE24: 0 | AF24: 0 | AG24: 0 | AH24: 0 | AI24: 0 | AJ24: 0 | AK24: 0 | AL24: 0 | AM24: 0 | AN24: 0 | AO24: 0 | AP24: =SUM(E24:AO24)-(J24+R24+T24+Z24) -> 43.92 | AR24: 43657 | AS24: 0.69444444 | AT24: DSP | AU24: 10 | AV24: YSI 2030 | AW24: 7.6 | AX24: 98 | AY24: 5.13 | AZ24: 2.7 | BA24: 27.6 | BB24: 760.2 | BC24: 7.3 | BD24: 0 | BE24: 0 | BF24: 1 | BG24: 0.6
A25: 43658 | B25: CUL1 | C25: CORE | E25: 0 | F25: 0 | G25: 43.92 | H25: 0 | I25: 0 | J25: 0 | K25: 0 | L25: 0 | M25: 0 | N25: 0 | O25: 0 | P25: 0 | Q25: 0 | R25: 43.92 | S25: 0 | T25: 0 | U25: 0 | V25: 0 | W25: 0 | X25: 0 | Y25: 0 | Z25: 0 | AA25: 0 | AB25: 0 | AC25: 0 | AD25: 0 | AE25: 0 | AF25: 0 | AG25: 0 | AH25: 0 | AI25: 0 | AJ25: 0 | AK25: 0 | AL25: 0 | AM25: 0 | AN25: 0 | AO25: 0 | AP25: =SUM(E25:AO25)-(J25+R25+T25+Z25) -> 43.92 | AR25: 43658 | AS25: 0.32291667 | AT25: CUL1 | AU25: 5 | AV25: YSI 2030 | AW25: 0.6 | AX25: 5 | AY25: 30.41 | AZ25: 15.9 | BA25: 20.9 | BB25: 759.8 | BC25: 8 | BD25: 0 | BE25: 0 | BF25: 0.5 | BG25: 0.1
A26: 43678 | B26: NEC | C26: CORE | E26: 21.96 | F26: 32.94 | G26: 0 | H26: 0 | I26: 0 | J26: 43.92 | K26: 0 | L26: 21.96 | M26: 0 | N26: 0 | O26: 21.96 | P26: 0 | Q26: 0 | R26: 0 | S26: 0 | T26: 32.94 | U26: 32.94 | V26: 0 | W26: 0 | X26: 0 | Y26: 0 | Z26: 0 | AA26: 0 | AB26: 0 | AC26: 0 | AD26: 0 | AE26: 0 | AF26: 0 | AG26: 0 | AH26: 0 | AI26: 0 | AJ26: 0 | AK26: 0 | AL26: 0 | AM26: 0 | AN26: 0 | AO26: 0 | AP26: =SUM(E26:AO26)-(J26+R26+T26+Z26) -> 131.76 | AR26: 43678 | AS26: 0.69097222 | AT26: NEC | AU26: 10 | AV26: YSI 2030 | AW26: 12.7 | AX26: 208 | AY26: 48.54 | AZ26: 31.6 | BA26: 31.6 | BB26: 759.5 | BC26: 8.8 | BD26: 0 | BE26: 0 | BF26: 1 | BG26: 0.5
A27: 43678 | B27: NMC | C27: CORE | E27: 373.32 | F27: 0 | G27: 0 | H27: 0 | I27: 0 | J27: 10.98 | K27: 0 | L27: 10.98 | M27: 0 | N27: 0 | O27: 0 | P27: 0 | Q27: 0 | R27: 0 | S27: 0 | T27: 0 | U27: 0 | V27: 0 | W27: 0 | X27: 0 | Y27: 0 | Z27: 0 | AA27: 0 | AB27: 0 | AC27: 0 | AD27: 0 | AE27: 0 | AF27: 0 | AG27: 0 | AH27: 0 | AI27: 0 | AJ27: 0 | AK27: 0 | AL27: 0 | AM27: 0 | AN27: 0 | AO27: 0 | AP27: =SUM(E27:AO27)-(J27+R27+T27+Z27) -> 384.3 | AR27: 43678 | AS27: 0.66666667 | AT27: NMC | AU27: 10 | AV27: YSI 2030 | AW27: 6.4 | AX27: 107 | AY27: 42.32 | AZ27: 26.6 | BA27: 34.1 | BB27: 759.3 | BC27: 8.5 | BD27: 0 | BE27: 0 | BF27: 0.5 | BG27: 1
A28: 43678 | B28: NPB | C28: CORE | E28: 76.86 | F28: 0 | G28: 0 | H28: 0 | I28: 0 | J28: 263.52 | K28: 0 | L28: 0 | M28: 0 | N28: 0 | O28: 263.52 | P28: 0 | Q28: 0 | R28: 0 | S28: 0 | T28: 76.86 | U28: 0 | V28: 76.86 | W28: 0 | X28: 0 | Y28: 0 | Z28: 10.98 | AA28: 0 | AB28: 10.98 | AC28: 0 | AD28: 0 | AE28: 0 | AF28: 0 | AG28: 0 | AH28: 0 | AI28: 0 | AJ28: 32.94 | AK28: 0 | AL28: 0 | AM28: 0 | AN28: 0 | AO28: 0 | AP28: =SUM(E28:AO28)-(J28+R28+T28+Z28) -> 461.16 | AR28: 43678 | AS28: 0.63888889 | AT28: NPB | AU28: 10 | AV28: YSI 2030 | AW28: 13.2 | AX28: 196 | AY28: 22.33 | AZ28: 13.3 | BA28: 32.6 | BB28: 759.5 | BC28: 7.6 | BD28: 0 | BE28: 0 | BF28: 1 | BG28: 0.4
A29: 43678 | B29: NWP | C29: CORE | E29: 0 | F29: 0 | G29: 0 | H29: 0 | I29: 0 | J29: 10.98 | K29: 0 | L29: 10.98 | M29: 0 | N29: 0 | O29: 0 | P29: 0 | Q29: 0 | R29: 0 | S29: 0 | T29: 0 | U29: 0 | V29: 0 | W29: 0 | X29: 0 | Y29: 109.8 | Z29: 0 | AA29: 0 | AB29: 0 | AC29: 0 | AD29: 0 | AE29: 0 | AF29: 0 | AG29: 0 | AH29: 0 | AI29: 0 | AJ29: 0 | AK29: 0 | AL29: 0 | AM29: 0 | AN29: 10.98 | AO29: 0 | AP29: =SUM(E29:AO29)-(J29+R29+T29+Z29) -> 131.76 | AR29: 43678 | AS29: 0.59722222 | AT29: NWP | AU29: 10 | AV29: YSI 2030 | AW29: 12.9 | AX29: 179 | AY29: 10.17 | AZ29: 5.7 | BA29: 31 | BB29: 760.2 | BC29: 8.6 | BD29: 0 | BE29: 0 | BF29: 1 | BG29: 0.6
A30: 43679 | B30: CUL1 | C30: CORE | E30: 0 | F30: 0 | G30: 10.98 | H30: 0 | I30: 0 | J30: 0 | K30: 0 | L30: 0 | M30: 0 | N30: 0 | O30: 0 | P30: 0 | Q30: 0 | R30: 10.98 | S30: 0 | T30: 0 | U30: 0 | V30: 0 | W30: 0 | X30: 0 | Y30: 0 | Z30: 0 | AA30: 0 | AB30: 0 | AC30: 0 | AD30: 0 | AE30: 0 | AF30: 0 | AG30: 0 | AH30: 0 | AI30: 0 | AJ30: 0 | AK30: 0 | AL30: 0 | AM30: 0 | AN30: 0 | AO30: 0 | AP30: =SUM(E30:AO30)-(J30+R30+T30+Z30) -> 10.98 | AR30: 43679 | AS30: 0.50694444 | AT30: CUL1 | AU30: 10 | AV30: YSI 2030 | AW30: 6.4 | AX30: 107 | AY30: 80.2 | AZ30: 56.8 | BA30: 27.2 | BB30: 759.3 | BC30: 8 | BD30: 0 | BE30: 0 | BF30: 1 | BG30: 0.5
A31: 43679 | B31: MO1 | C31: CORE | E31: 0 | F31: 120.78 | G31: 0 | H31: 0 | I31: 0 | J31: 0 | K31: 0 | L31: 0 | M31: 0 | N31: 0 | O31: 0 | P31: 0 | Q31: 0 | R31: 0 | S31: 0 | T31: 131.76 | U31: 0 | V31: 0 | W31: 131.76 | X31: 0 | Y31: 0 | Z31: 0 | AA31: 0 | AB31: 0 | AC31: 0 | AD31: 0 | AE31: 0 | AF31: 0 | AG31: 0 | AH31: 0 | AI31: 0 | AJ31: 0 | AK31: 0 | AL31: 0 | AM31: 0 | AN31: 0 | AO31: 0 | AP31: =SUM(E31:AO31)-(J31+R31+T31+Z31) -> 252.54 | AR31: 43679 | AS31: 0.47916667 | AT31: MO1 | AU31: 10 | AV31: YSI 2030 | AW31: 8 | AX31: 118 | AY31: 58.2 | AZ31: 39 | BA31: 25 | BB31: 760.1 | BC31: 8.2 | BD31: 0 | BE31: 0 | BF31: 1 | BG31: 0.4
... A33: 43679 | B33: VBR1 | C33: CORE | E33: 3392.82 | F33: 65.88 | G33: 10.98 | H33: 0 | I33: 0 | J33: 0 | K33: 0 | L33: 0 | M33: 0 | N33: 0 | O33: 0 | P33: 0 | Q33: 0 | R33: 10.98 | S33: 0 | T33: 0 | U33: 0 | V33: 0 | W33: 0 | X33: 0 | Y33: 0 | Z33: 0 | AA33: 0 | AB33: 0 | AC33: 0 | AD33: 0 | AE33: 0 | AF33: 0 | AG33: 0 | AH33: 0 | AI33: 0 | AJ33: 0 | AK33: 0 | AL33: 0 | AM33: 0 | AN33: 0 | AO33: 0 | AP33: =SUM(E33:AO33)-(J33+R33+T33+Z33) -> 3469.68 | AR33: 43679 | AS33: 0.37847222 | AT33: VBR1 | AU33: 10 | AV33: YSI 2030 | AW33: 5.3 | AX33: 77 | AY33: 50.7 | AZ33: 33.2 | BA33: 24.6 | BB33: 761.2 | BC33: 8.5 | BD33: 0 | BE33: 0 | BF33: 0.8 | BG33: 0.5
A34: 43680 | B34: DSP | C34: CORE | E34: 0 | F34: 21.96 | G34: 0 | H34: 10.98 | I34: 0 | J34: 54.9 | K34: 0 | L34: 54.9 | M34: 0 | N34: 0 | O34: 0 | P34: 0 | Q34: 0 | R34: 0 | S34: 0 | T34: 0 | U34: 0 | V34: 0 | W34: 0 | X34: 0 | Y34: 0 | Z34: 0 | AA34: 0 | AB34: 0 | AC34: 0 | AD34: 0 | AE34: 0 | AF34: 0 | AG34: 0 | AH34: 0 | AI34: 0 | AJ34: 0 | AK34: 0 | AL34: 0 | AM34: 0 | AN34: 0 | AO34: 0 | AP34: =SUM(E34:AO34)-(J34+R34+T34+Z34) -> 87.84 | AR34: 43680 | AS34: 0.42708333 | AT34: DSP | AU34: 10 | AV34: YSI 2030 | AW34: 3.7 | AX34: 45 | AY34: 6.96 | AZ34: 3.8 | BA34: 24.5 | BB34: 759.5 | BC34: 7 | BD34: - | BE34: - | BF34: 0.5 | BG34: 0.5
A35: 43759 | B35: NPB | C35: CORE | E35: 32.94 | F35: 0 | G35: 0 | H35: 0 | I35: 0 | J35: 32.94 | K35: 0 | L35: 32.94 | M35: 0 | N35: 0 | O35: 0 | P35: 0 | Q35: 0 | R35: 0 | S35: 0 | T35: 0 | U35: 0 | V35: 0 | W35: 0 | X35: 0 | Y35: 0 | Z35: 0 | AA35: 0 | AB35: 0 | AC35: 0 | AD35: 0 | AE35: 0 | AF35: 0 | AG35: 0 | AH35: 0 | AI35: 0 | AJ35: 0 | AK35: 0 | AL35: 0 | AM35: 0 | AN35: 0 | AO35: 0 | AP35: =SUM(E35:AO35)-(J35+R35+T35+Z35) -> 65.88 | AR35: 43759 | AS35: 0.61458333 | AT35: NPB | AU35: 10 | AV35: YSI 2030 | AW35: 21.6 | AX35: 252 | AY35: 5.67 | AZ35: 3.1 | BA35: 22 | BB35: 759.6 | BC35: 7.6 | BD35: 0 | BE35: 0 | BF35: 1 | BG35: 0.4
A36: 43759 | B36: NVBR | C36: CORE | E36: 43.92 | F36: 0 | G36: 0 | H36: 0 | I36: 0 | J36: 0 | K36: 0 | L36: 0 | M36: 0 | N36: 0 | O36: 0 | P36: 0 | Q36: 0 | R36: 0 | S36: 0 | T36: 0 | U36: 0 | V36: 0 | W36: 0 | X36: 0 | Y36: 0 | Z36: 0 | AA36: 0 | AB36: 0 | AC36: 0 | AD36: 0 | AE36: 0 | AF36: 0 | AG36: 0 | AH36: 0 | AI36: 0 | AJ36: 0 | AK36: 0 | AL36: 0 | AM36: 0 | AN36: 0 | AO36: 0 | AP36: =SUM(E36:AO36)-(J36+R36+T36+Z36) -> 43.92 | AR36: 43759 | AS36: 0.65972222 | AT36: NVBR | AU36: 10 | AV36: YSI 2030 | AW36: 11.5 | AX36: 196 | AY36: 79.4 | AZ36: 55.4 | BA36: 26.7 | BB36: 759.6 | BC36: 7.9 | BD36: 0 | BE36: 0 | BF36: 1 | BG36: 0.5
A37: 43759 | B37: VBR1 | C37: CORE | E37: 54.9 | F37: 0 | G37: 0 | H37: 0 | I37: 0 | J37: 0 | K37: 0 | L37: 0 | M37: 0 | N37: 0 | O37: 0 | P37: 0 | Q37: 0 | R37: 0 | S37: 0 | T37: 0 | U37: 0 | V37: 0 | W37: 0 | X37: 0 | Y37: 0 | Z37: 0 | AA37: 0 | AB37: 0 | AC37: 0 | AD37: 0 | AE37: 0 | AF37: 0 | AG37: 0 | AH37: 0 | AI37: 0 | AJ37: 0 | AK37: 0 | AL37: 0 | AM37: 0 | AN37: 0 | AO37: 0 | AP37: =SUM(E37:AO37)-(J37+R37+T37+Z37) -> 54.9 | AR37: 43759 | AS37: 0.69097222 | AT37: VBR1 | AU37: 10 | AV37: YSI 2030 | AW37: 11.5 | AX37: 193 | AY37: 79.8 | AZ37: 55.8 | BA37: 25.7 | BB37: 759.7 | BC37: 7.9 | BD37: 0 | BE37: 0 | BF37: 1 | BG37: 0.5
A38: 43763 | B38: CUL1 | C38: CORE | E38: 10.98 | F38: 0 | G38: 0 | H38: 0 | I38: 0 | J38: 10.98 | K38: 0 | L38: 0 | M38: 10.98 | N38: 0 | O38: 0 | P38: 0 | Q38: 0 | R38: 0 | S38: 0 | T38: 0 | U38: 0 | V38: 0 | W38: 0 | X38: 0 | Y38: 0 | Z38: 21.96 | AA38: 21.96 | AB38: 0 | AC38: 0 | AD38: 0 | AE38: 0 | AF38: 0 | AG38: 0 | AH38: 0 | AI38: 0 | AJ38: 0 | AK38: 0 | AL38: 0 | AM38: 0 | AN38: 0 | AO38: 0 | AP38: =SUM(E38:AO38)-(J38+R38+T38+Z38) -> 43.92 | AR38: 43763 | AS38: 0.69097222 | AT38: CUL1 | AU38: 10 | AV38: YSI 2030 | AW38: 9.3 | AX38: 98 | AY38: 138 | AZ38: OVER | BA38: 21.8 | BB38: 759.9 | BC38: 7.3 | BD38: 0 | BE38: 0 | BF38: 0.5 | BG38: 0.2
A39: 43767 | B39: DSP | C39: CORE | E39: 54.9 | F39: 0 | G39: 0 | H39: 0 | I39: 0 | J39: 43.92 | K39: 0 | L39: 43.92 | M39: 0 | N39: 0 | O39: 0 | P39: 0 | Q39: 0 | R39: 0 | S39: 0 | T39: 0 | U39: 0 | V39: 0 | W39: 0 | X39: 0 | Y39: 0 | Z39: 0 | AA39: 0 | AB39: 0 | AC39: 0 | AD39: 0 | AE39: 0 | AF39: 0 | AG39: 0 | AH39: 0 | AI39: 0 | AJ39: 0 | AK39: 0 | AL39: 0 | AM39: 0 | AN39: 0 | AO39: 0 | AP39: =SUM(E39:AO39)-(J39+R39+T39+Z39) -> 98.82 | AR39: 43767 | AS39: 0.5625 | AT39: DSP | AU39: 10 | AV39: YSI 2030 | AW39: 4.5 | AX39: 52 | AY39: 16.52 | AZ39: 9.7 | BA39: 20.8 | BB39: 757.7 | BC39: 7.31 | BD39: 0 | BE39: 0 | BF39: 1 | BG39: 0.4
A40: 43767 | B40: MO1 | C40: CORE | E40: 109.8 | F40: 0 | G40: 0 | H40: 0 | I40: 10.98 | J40: 0 | K40: 0 | L40: 0 | M40: 0 | N40: 0 | O40: 0 | P40: 0 | Q40: 0 | R40: 0 | S40: 0 | T40: 10.98 | U40: 10.98 | V40: 0 | W40: 0 | X40: 0 | Y40: 0 | Z40: 0 | AA40: 0 | AB40: 0 | AC40: 0 | AD40: 0 | AE40: 0 | AF40: 0 | AG40: 0 | AH40: 0 | AI40: 0 | AJ40: 0 | AK40: 0 | AL40: 0 | AM40: 0 | AN40: 0 | AO40: 0 | AP40: =SUM(E40:AO40)-(J40+R40+T40+Z40) -> 131.76 | AR40: 43767 | AS40: 0.53125 | AT40: MO1 | AU40: 10 | AV40: YSI 2030 | AW40: 11.3 | AX40: 176 | AY40: 89.6 | AZ40: 63.4 | BA40: 18.5 | BB40: 759.4 | BC40: 8.2 | BD40: 0 | BE40: 0 | BF40: 1 | BG40: 0.5
A41: 43769 | B41: NEC | C41: CORE | E41: 10.98 | F41: 0 | G41: 10.98 | H41: 0 | I41: 0 | J41: 0 | K41: 0 | L41: 0 | M41: 0 | N41: 0 | O41: 0 | P41: 0 | Q41: 0 | R41: 10.98 | S41: 0 | T41: 0 | U41: 0 | V41: 0 | W41: 0 | X41: 0 | Y41: 0 | Z41: 0 | AA41: 0 | AB41: 0 | AC41: 0 | AD41: 0 | AE41: 0 | AF41: 0 | AG41: 0 | AH41: 0 | AI41: 0 | AJ41: 0 | AK41: 0 | AL41: 0 | AM41: 0 | AN41: 0 | AO41: 0 | AP41: =SUM(E41:AO41)-(J41+R41+T41+Z41) -> 21.96 | AR41: 43769 | AS41: 0.61111111 | AT41: NEC | AU41: 10 | AV41: YSI 2030 | AW41: 14.5 | AX41: 178 | AY41: 37.93 | AZ41: 24.1 | BA41: 20.1 | BB41: 764 | BC41: 7.6 | BD41: 0 | BE41: 0 | BF41: 1 | BG41: 0.5
A42: 43769 | B42: NMC | C42: CORE | E42: 1196.82 | F42: 0 | G42: 0 | H42: 0 | I42: 0 | J42: 0 | K42: 0 | L42: 0 | M42: 0 | N42: 0 | O42: 0 | P42: 0 | Q42: 0 | R42: 0 | S42: 0 | T42: 0 | U42: 0 | V42: 0 | W42: 0 | X42: 0 | Y42: 0 | Z42: 0 | AA42: 0 | AB42: 0 | AC42: 0 | AD42: 0 | AE42: 0 | AF42: 0 | AG42: 0 | AH42: 0 | AI42: 0 | AJ42: 0 | AK42: 0 | AL42: 0 | AM42: 0 | AN42: 0 | AO42: 0 | AP42: =SUM(E42:AO42)-(J42+R42+T42+Z42) -> 1196.82 | AR42: 43769 | AS42: 0.63888889 | AT42: NMC | AU42: 10 | AV42: YSI 2030 | AW42: 9.6 | AX42: 163 | AY42: 78 | AZ42: 56.6 | BA42: 19.5 | BB42: 763.8 | BC42: 7.8 | BD42: 0 | BE42: 0 | BF42: 1 | BG42: 0.8
AO43: Total 2019 CORE Data from 2018 Sites | AP43: =SUM(AP4:AP42) -> 30140.1
B45: 2019 Data from NON-2018 Sites
A46: 43492 | B46: VWCB6 | C46: CORE | E46: 21.96 | F46: 0 | G46: 0 | H46: 0 | I46: 1032.12 | J46: 0 | K46: 0 | L46: 0 | M46: 0 | N46: 0 | O46: 0 | P46: 0 | Q46: 0 | R46: 0 | S46: 0 | T46: 0 | U46: 0 | V46: 0 | W46: 0 | X46: 0 | Y46: 0 | Z46: 0 | AA46: 0 | AB46: 0 | AC46: 0 | AD46: 0 | AE46: 0 | AF46: 0 | AG46: 0 | AH46: 0 | AI46: 0 | AJ46: 0 | AK46: 0 | AL46: 0 | AM46: 0 | AN46: 0 | AO46: 0 | AP46: =SUM(E46:AO46)-(J46+R46+T46+Z46) -> 1054.08 | AR46: 43492 | AS46: 0.60416667 | AT46: VWCB6 | AU46: 10 | AV46: YSI 2030 | AW46: 9.74 | AX46: 109.4 | AY46: 0.168 | AZ46: 0.1 | BA46: 21.2 | BB46: 762 | BC46: 8.32 | BD46: 13 | BE46: 0 | BF46: 14 | BG46: 0.33
A47: 43492 | B47: VDSN | C47: CORE | E47: 0 | F47: 0 | G47: 0 | H47: 10.98 | I47: 0 | J47: 0 | K47: 0 | L47: 0 | M47: 0 | N47: 0 | O47: 0 | P47: 0 | Q47: 0 | R47: 0 | S47: 0 | T47: 0 | U47: 0 | V47: 0 | W47: 0 | X47: 0 | Y47: 0 | Z47: 0 | AA47: 0 | AB47: 0 | AC47: 0 | AD47: 0 | AE47: 0 | AF47: 0 | AG47: 0 | AH47: 0 | AI47: 0 | AJ47: 0 | AK47: 0 | AL47: 0 | AM47: 0 | AN47: 0 | AO47: 0 | AP47: =SUM(E47:AO47)-(J47+R47+T47+Z47) -> 10.98 | AR47: 43492 | AS47: 0.65972222 | AT47: VDSN | AU47: 10 | AV47: YSI 2030 | AW47: 15.76 | AX47: 182.8 | AY47: 0.2043 | AZ47: 0.1 | BA47: 22.7 | BB47: 762.8 | BC47: 7.91 | BD47: 20 | BE47: 0 | BF47: 12.1 | BG47: 0.15
A48: 43493 | B48: VP1 | C48: CORE | E48: 0 | F48: 0 | G48: 0 | H48: 0 | I48: 0 | J48: 0 | K48: 0 | L48: 0 | M48: 0 | N48: 0 | O48: 0 | P48: 0 | Q48: 0 | R48: 0 | S48: 0 | T48: 0 | U48: 0 | V48: 0 | W48: 0 | X48: 0 | Y48: 0 | Z48: 0 | AA48: 0 | AB48: 0 | AC48: 0 | AD48: 0 | AE48: 0 | AF48: 0 | AG48: 0 | AH48: 0 | AI48: 0 | AJ48: 0 | AK48: 0 | AL48: 0 | AM48: 10.98 | AN48: 0 | AO48: 0 | AP48: =SUM(E48:AO48)-(J48+R48+T48+Z48) -> 10.98 | AR48: 43493 | AS48: 0.63541667 | AT48: CVP1 | AU48: 10 | AV48: YSI 2030 | AW48: 13.9 | AX48: 150 | AY48: 0.095 | AZ48: 0 | BA48: 18.8 | BB48: 760.8 | BC48: 9 | BD48: 74 | BE48: 0 | BF48: 13 | BG48: 0.33
A49: 43504 | B49: VNVP10 | C49: CORE | E49: 10.98 | F49: 10.98 | G49: 0 | H49: 32.94 | I49: 10.98 | J49: 54.9 | K49: 0 | L49: 54.9 | M49: 0 | N49: 0 | O49: 0 | P49: 0 | Q49: 0 | R49: 0 | S49: 0 | T49: 0 | U49: 0 | V49: 0 | W49: 0 | X49: 0 | Y49: 0 | Z49: 0 | AA49: 0 | AB49: 0 | AC49: 0 | AD49: 0 | AE49: 0 | AF49: 0 | AG49: 0 | AH49: 0 | AI49: 0 | AJ49: 0 | AK49: 0 | AL49: 0 | AM49: 0 | AN49: 0 | AO49: 0 | AP49: =SUM(E49:AO49)-(J49+R49+T49+Z49) -> 120.78 | AR49: 8-Feb-19 | AS49: 14:10 | AT49: NVP10 | AU49: 10 | AV49: YSI 2030 | AW49: 8.79 | AX49: 95.8 | AY49: 0.0755 | AZ49: 0 | BA49: 19.5 | BB49: 762.6 | BC49: 7.5 | BD49: 18 | BE49: 0 | BF49: 13 | BG49: 0.28
A50: 43507 | B50: VCC7 | C50: CORE | E50: 0 | F50: 0 | G50: 0 | H50: 43.92 | I50: 21.96 | J50: 0 | K50: 0 | L50: 0 | M50: 0 | N50: 0 | O50: 0 | P50: 0 | Q50: 0 | R50: 0 | S50: 0 | T50: 21.96 | U50: 0 | V50: 21.96 | W50: 0 | X50: 0 | Y50: 0 | Z50: 0 | AA50: 0 | AB50: 0 | AC50: 0 | AD50: 0 | AE50: 0 | AF50: 0 | AG50: 0 | AH50: 0 | AI50: 0 | AJ50: 0 | AK50: 0 | AL50: 0 | AM50: 0 | AN50: 0 | AO50: 0 | AP50: =SUM(E50:AO50)-(J50+R50+T50+Z50) -> 87.84 | AR50: 11-Feb-19 | AS50: 15:35 | AT50: VM7 | AU50: 10 | AV50: YSI 2030 | AW50: 15.87 | AX50: 168.3 | AY50: 0.158 | AZ50: 0.1 | BA50: 18.2 | BB50: 764.7 | BC50: 8.8 | BD50: 7 | BE50: - | BF50: 8 | BG50: 0.27
A51: 43507 | B51: VM7 | C51: CORE | E51: 43.92 | F51: 0 | G51: 0 | H51: 175.68 | I51: 0 | J51: 0 | K51: 0 | L51: 0 | M51: 0 | N51: 0 | O51: 0 | P51: 0 | Q51: 0 | R51: 0 | S51: 0 | T51: 0 | U51: 0 | V51: 0 | W51: 0 | X51: 0 | Y51: 0 | Z51: 0 | AA51: 0 | AB51: 0 | AC51: 0 | AD51: 0 | AE51: 0 | AF51: 0 | AG51: 0 | AH51: 0 | AI51: 0 | AJ51: 0 | AK51: 0 | AL51: 0 | AM51: 32.94 | AN51: 0 | AO51: 0 | AP51: =SUM(E51:AO51)-(J51+R51+T51+Z51) -> 252.54 | AR51: 11-Feb-19 | AS51: 15:35 | AT51: VM7 | AU51: 10 | AV51: YSI 2030 | AW51: 15.87 | AX51: 168.3 | AY51: 0.158 | AZ51: 0.1 | BA51: 18.2 | BB51: 764.7 | BC51: 8.8 | BD51: 7 | BE51: - | BF51: 8 | BG51: 0.27
A52: 43507 | B52: VOW1 | C52: CORE | E52: 0 | F52: 0 | G52: 0 | H52: 10.98 | I52: 0 | J52: 0 | K52: 0 | L52: 0 | M52: 0 | N52: 0 | O52: 0 | P52: 0 | Q52: 0 | R52: 0 | S52: 0 | T52: 0 | U52: 0 | V52: 0 | W52: 0 | X52: 0 | Y52: 0 | Z52: 0 | AA52: 0 | AB52: 0 | AC52: 0 | AD52: 0 | AE52: 0 | AF52: 0 | AG52: 0 | AH52: 0 | AI52: 0 | AJ52: 0 | AK52: 0 | AL52: 0 | AM52: 0 | AN52: 0 | AO52: 0 | AP52: =SUM(E52:AO52)-(J52+R52+T52+Z52) -> 10.98 | AR52: 11-Feb19 | AS52: 10:50 | AT52: VOW1 | AU52: 10 | AV52: YSI 2030 | AW52: 5.74 | AX52: 50.1 | AY52: 0.03 | AZ52: 0 | BA52: 9.3 | BB52: 766 | BC52: 6.9 | BD52: 7 | BE52: 0 | BF52: 30 | BG52: 0.42
A53: 43531 | B53: VMMesa | C53: CORE | E53: 0 | F53: 0 | G53: 0 | H53: 0 | I53: 43.92 | J53: 0 | K53: 0 | L53: 0 | M53: 0 | N53: 0 | O53: 0 | P53: 0 | Q53: 0 | R53: 0 | S53: 0 | T53: 0 | U53: 0 | V53: 0 | W53: 0 | X53: 0 | Y53: 0 | Z53: 0 | AA53: 0 | AB53: 0 | AC53: 0 | AD53: 0 | AE53: 0 | AF53: 0 | AG53: 0 | AH53: 0 | AI53: 0 | AJ53: 0 | AK53: 0 | AL53: 0 | AM53: 0 | AN53: 0 | AO53: 0 | AP53: =SUM(E53:AO53)-(J53+R53+T53+Z53) -> 43.92 | AR53: 43531 | AS53: 0.35625 | AT53: VMM | AU53: 10 | AV53: YSI 2030 | AW53: 2.54 | AX53: 22.8 | AY53: 0.154 | AZ53: 0.1 | BA53: 12.1 | BD53: 4 | BE53: 0 | BG53: 0.3 | BH53: No barametric pressure or Ph data recorded
A54: 43563 | B54: VP1 | C54: CORE | E54: 955.26 | F54: 0 | G54: 0 | H54: 109.8 | I54: 0 | J54: 0 | K54: 0 | L54: 0 | M54: 0 | N54: 0 | O54: 0 | P54: 0 | Q54: 0 | R54: 0 | S54: 0 | T54: 0 | U54: 0 | V54: 0 | W54: 0 | X54: 0 | Y54: 0 | Z54: 0 | AA54: 0 | AB54: 0 | AC54: 0 | AD54: 0 | AE54: 0 | AF54: 0 | AG54: 0 | AH54: 0 | AI54: 0 | AJ54: 0 | AK54: 0 | AL54: 0 | AM54: 0 | AN54: 0 | AO54: 0 | AP54: =SUM(E54:AO54)-(J54+R54+T54+Z54) -> 1065.06 | AR54: 43563 | AS54: 0.45833333 | AT54: VP1 | AU54: 10 | AV54: YSI 2030 | AW54: 8.97 | AX54: 107.5 | AY54: 0.162 | AZ54: 0.1 | BA54: 24.5 | BB54: 762.7 | BC54: 6.3 | BD54: 1 | BE54: 0 | BF54: 2 | BG54: 0.43
A55: 43565 | B55: VCC7 | C55: CORE-a+b | E55: 0 | F55: 0 | G55: 0 | H55: 164.7 | I55: 0 | J55: 10.98 | K55: 0 | L55: 10.98 | M55: 0 | N55: 0 | O55: 0 | P55: 0 | Q55: 0 | R55: 0 | S55: 0 | T55: 0 | U55: 0 | V55: 0 | W55: 0 | X55: 0 | Y55: 0 | Z55: 0 | AA55: 0 | AB55: 0 | AC55: 0 | AD55: 0 | AE55: 0 | AF55: 0 | AG55: 0 | AH55: 0 | AI55: 0 | AJ55: 0 | AK55: 0 | AL55: 0 | AM55: 0 | AN55: 0 | AO55: 0 | AP55: =SUM(E55:AO55)-(J55+R55+T55+Z55) -> 175.68 | AR55: 43565 | AS55: 0.45833333 | AT55: VCC7 | AU55: 5 | AV55: YSI 2030 | AW55: 8.4 | AX55: 113 | AY55: 0.0003 | AZ55: 0 | BA55: 32.8 | BB55: 761.6 | BC55: 6.8 | BD55: 0 | BE55: 0 | BF55: 0.05 | BG55: 0.05
A56: 43565 | B56: VDSN | C56: CORE-a+b | E56: 1679.94 | F56: 98.82 | G56: 0 | H56: 2152.08 | I56: 362.34 | J56: 285.48 | K56: 10.98 | L56: 274.5 | M56: 0 | N56: 0 | O56: 0 | P56: 0 | Q56: 0 | R56: 0 | S56: 0 | T56: 0 | U56: 0 | V56: 0 | W56: 0 | X56: 0 | Y56: 0 | Z56: 0 | AA56: 0 | AB56: 0 | AC56: 0 | AD56: 0 | AE56: 0 | AF56: 0 | AG56: 0 | AH56: 0 | AI56: 0 | AJ56: 0 | AK56: 0 | AL56: 0 | AM56: 0 | AN56: 0 | AO56: 0 | AP56: =SUM(E56:AO56)-(J56+R56+T56+Z56) -> 4578.66 | AR56: 43565 | AS56: 0.55902778 | AT56: VDSN | AU56: 10 | AV56: YSI 2030 | AW56: 3.9 | AX56: 45 | AY56: 0.076 | AZ56: 0 | BA56: 23.5 | BB56: 761.5 | BC56: 6.1 | BD56: 0 | BE56: 0 | BF56: 2 | BG56: 0.19
A57: 43586 | B57: VNVP10 | C57: CORE | E57: 1207.8 | F57: 0 | G57: 0 | H57: 0 | I57: 0 | J57: 98.82 | K57: 0 | L57: 98.82 | M57: 0 | N57: 0 | O57: 0 | P57: 0 | Q57: 0 | R57: 0 | S57: 0 | T57: 10.98 | U57: 0 | V57: 0 | W57: 10.98 | X57: 0 | Y57: 0 | Z57: 0 | AA57: 0 | AB57: 0 | AC57: 0 | AD57: 0 | AE57: 0 | AF57: 0 | AG57: 0 | AH57: 0 | AI57: 0 | AJ57: 0 | AK57: 0 | AL57: 0 | AM57: 10.98 | AN57: 0 | AO57: 0 | AP57: =SUM(E57:AO57)-(J57+R57+T57+Z57) -> 1328.58 | AR57: 43586 | AS57: 0.66666667 | AT57: NVP10 | AU57: 10 | AV57: YSI 2030 | AW57: 9.5 | AX57: 127 | AY57: 0.72 | AZ57: 0.3 | BA57: 30.5 | BB57: 757.4 | BC57: 7.8 | BD57: 1 | BE57: 0 | BF57: 6.5 | BG57: 0,25
A58: 43587 | B58: VM3 | C58: CORE | E58: 2854.8 | F58: 21.96 | G58: 0 | H58: 10.98 | I58: 0 | J58: 0 | K58: 0 | L58: 0 | M58: 0 | N58: 0 | O58: 0 | P58: 0 | Q58: 0 | R58: 0 | S58: 0 | T58: 0 | U58: 0 | V58: 0 | W58: 0 | X58: 0 | Y58: 0 | Z58: 0 | AA58: 0 | AB58: 0 | AC58: 0 | AD58: 0 | AE58: 0 | AF58: 0 | AG58: 0 | AH58: 0 | AI58: 0 | AJ58: 0 | AK58: 0 | AL58: 0 | AM58: 0 | AN58: 0 | AO58: 0 | AP58: =SUM(E58:AO58)-(J58+R58+T58+Z58) -> 2887.74 | AR58: 43587 | AS58: 0.625 | AT58: VM3 | AU58: 10 | AV58: YSI 2030 | AW58: 8.5 | AX58: 109 | AY58: 0.329 | AZ58: 0.2 | BA58: 28.1 | BB58: 759.9 | BC58: 7.5 | BD58: 1 | BE58: 0 | BF58: 8 | BG58: 0.1
A59: 43763 | B59: PIER | C59: CORE | E59: 54.9 | F59: 0 | G59: 0 | H59: 0 | I59: 21.96 | J59: 0 | K59: 0 | L59: 0 | M59: 0 | N59: 0 | O59: 0 | P59: 0 | Q59: 0 | R59: 0 | S59: 0 | T59: 0 | U59: 0 | V59: 0 | W59: 0 | X59: 0 | Y59: 0 | Z59: 0 | AA59: 0 | AB59: 0 | AC59: 0 | AD59: 0 | AE59: 0 | AF59: 0 | AG59: 0 | AH59: 0 | AI59: 0 | AJ59: 0 | AK59: 0 | AL59: 0 | AM59: 0 | AN59: 0 | AO59: 0 | AP59: =SUM(E59:AO59)-(J59+R59+T59+Z59) -> 76.86 | AR59: 43763 | AS59: 0.65625 | AT59: PIER | AU59: 10 | AV59: YSI 2030 | AW59: 14.2 | AX59: 236 | AY59: 88.5 | AZ59: 62.9 | BA59: 22.8 | BB59: 760.5 | BC59: 8.2 | BD59: 0 | BE59: 0 | BF59: 1 | BG59: 0.3
A60: 43794 | B60: NPB2 | C60: CORE | E60: 9113.4 | F60: 197.64 | G60: 0 | H60: 0 | I60: 0 | J60: 43.92 | K60: 0 | L60: 43.92 | M60: 0 | N60: 0 | O60: 0 | P60: 0 | Q60: 10.98 | R60: 0 | S60: 0 | T60: 0 | U60: 0 | V60: 0 | W60: 0 | X60: 0 | Y60: 0 | Z60: 0 | AA60: 0 | AB60: 0 | AC60: 0 | AD60: 0 | AE60: 0 | AF60: 0 | AG60: 0 | AH60: 0 | AI60: 0 | AJ60: 0 | AK60: 0 | AL60: 0 | AM60: 0 | AN60: 0 | AO60: 0 | AP60: =SUM(E60:AO60)-(J60+R60+T60+Z60) -> 9365.94 | AR60: 43794 | AS60: 0.375 | AT60: NPB2 | AU60: 10 | AV60: YSI 2030 | AW60: 14 | AX60: 131 | AY60: 3.18 | AZ60: 1.7 | BA60: 12.1 | BB60: 760.5 | BC60: 7.53 | BD60: 0 | BE60: 0 | BF60: 1.4 | BG60: 0.15
A61: 43794 | B61: NPB1 | C61: CORE | E61: 0 | F61: 0 | G61: 0 | H61: 0 | I61: 10.98 | J61: 0 | K61: 0 | L61: 0 | M61: 0 | N61: 0 | O61: 0 | P61: 0 | Q61: 32.94 | R61: 0 | S61: 0 | T61: 0 | U61: 0 | V61: 0 | W61: 0 | X61: 0 | Y61: 0 | Z61: 0 | AA61: 0 | AB61: 0 | AC61: 0 | AD61: 0 | AE61: 0 | AF61: 0 | AG61: 0 | AH61: 0 | AI61: 0 | AJ61: 0 | AK61: 0 | AL61: 0 | AM61: 0 | AN61: 0 | AO61: 0 | AP61: =SUM(E61:AO61)-(J61+R61+T61+Z61) -> 43.92 | AR61: 43794 | AS61: 0.43055556 | AT61: NBP1 | AU61: 10 | AV61: YSI 2030 | AW61: 6.7 | AX61: 55 | AY61: 4.75 | AZ61: 2.6 | BA61: 9.9 | BB61: 759.8 | BC61: 7.23 | BD61: 0 | BE61: 0 | BF61: 3 | BG61: 0.45 | BH61: Core Sample-PEAT (not clay); 1 golf ball
AO62: Total 2019 CORE Data from NON-2018 Sites | AP62: =SUM(AP46:AP61) -> 21114.54
B65: 2019 FB250 Data from 2018 Sites
A66: 43489 | B66: MO1 | C66: FB250 | E66: 0.26666667 | F66: 0.26666667 | G66: 0 | H66: 0.13333333 | I66: 0 | J66: 0 | K66: 0 | L66: 0 | M66: 0 | N66: 0 | O66: 0 | P66: 0 | Q66: 0 | R66: 0 | S66: 0 | T66: 0 | U66: 0 | V66: 0 | W66: 0 | X66: 0 | Y66: 0 | Z66: 0 | AA66: 0 | AB66: 0 | AC66: 0 | AD66: 0 | AE66: 0 | AF66: 0 | AG66: 0 | AH66: 0 | AI66: 0 | AJ66: 0 | AK66: 0 | AL66: 0 | AM66: 0 | AN66: 0 | AO66: 0 | AP66: =SUM(E66:AO66)-(J66+R66+T66+Z66) -> 0.66666667 | AR66: 43489 | AS66: 0.51041667 | AT66: MO1 | AU66: 10 | AV66: YSI 2030 | AW66: 8.6 | AX66: 96.6 | AY66: 19.32 | AZ66: 23.2 | BA66: 16.3 | BB66: 764.7 | BC66: 8.2
A67: 43493 | B67: CUL1 | C67: FB250 | E67: 11.466667 | F67: 18.8 | G67: 9.0666667 | H67: 0 | I67: 0 | J67: 0.93333333 | K67: 0 | L67: 0 | M67: 0.8 | N67: 0 | O67: 0 | P67: 0.13333333 | Q67: 0 | R67: 9.0666667 | S67: 0 | T67: 0 | U67: 0 | V67: 0 | W67: 0 | X67: 0 | Y67: 0 | Z67: 0 | AA67: 0 | AB67: 0 | AC67: 0 | AD67: 0 | AE67: 0 | AF67: 0 | AG67: 0 | AH67: 0 | AI67: 0 | AJ67: 0 | AK67: 0.53333333 | AL67: 0 | AM67: 0.26666667 | AN67: 0 | AO67: 0 | AP67: =SUM(E67:AO67)-(J67+R67+T67+Z67) -> 41.066667 | AR67: 43493 | AS67: 0.54861111 | AT67: CUL 1 | AU67: 10 | AV67: YSI 2030 | AW67: 0.1 | AX67: 1 | AY67: 22.6 | AZ67: 14 | BA67: 13 | BB67: 761.9 | BC67: 7.38 | BD67: 0 | BE67: 0 | BF67: 1 | BG67: 0.3
A68: 43495 | B68: VNVP4 | C68: FB250 | E68: 0.26666667 | F68: 0.93333333 | G68: 0 | H68: 18.133333 | I68: 0 | J68: 0.93333333 | K68: 0 | L68: 0 | M68: 0.93333333 | N68: 0 | O68: 0 | P68: 0 | Q68: 0 | R68: 0 | S68: 0 | T68: 0 | U68: 0 | V68: 0 | W68: 0 | X68: 0 | Y68: 0 | Z68: 0 | AA68: 0 | AB68: 0 | AC68: 0 | AD68: 0 | AE68: 0 | AF68: 0 | AG68: 0 | AH68: 0 | AI68: 0 | AJ68: 0 | AK68: 0 | AL68: 0 | AM68: 0 | AN68: 0 | AO68: 0 | AP68: =SUM(E68:AO68)-(J68+R68+T68+Z68) -> 20.266667 | AR68: 43495 | AS68: 0.47916667 | AT68: NVP4 | AU68: 10 | AV68: YSI 2030 | AW68: 8.181 | AX68: 86.5 | AY68: 0.32 | AZ68: 0.2 | BA68: 18 | BB68: 760 | BC68: 8.51 | BD68: 3 | BE68: 0 | BF68: 17 | BG68: 0.3
A69: 43502 | B69: DSP | C69: FB250 | E69: 43.2 | F69: 2 | G69: 0 | H69: 0 | I69: 0 | J69: 1.3333333 | K69: 0 | L69: 0.93333333 | M69: 0 | N69: 0.4 | O69: 0 | P69: 0 | Q69: 0 | R69: 0 | S69: 0 | T69: 0 | U69: 0 | V69: 0 | W69: 0 | X69: 0 | Y69: 0 | Z69: 0 | AA69: 0 | AB69: 0 | AC69: 0 | AD69: 0 | AE69: 0 | AF69: 0 | AG69: 0 | AH69: 0 | AI69: 0 | AJ69: 0 | AK69: 0 | AL69: 0 | AM69: 0.4 | AN69: 0 | AO69: 0 | AP69: =SUM(E69:AO69)-(J69+R69+T69+Z69) -> 46.933333 | AR69: 6-Feb-19 | AS69: 11:30 | AT69: DSP | AU69: 10 | AV69: YSI 2030 | AW69: 7.46 | AX69: 69.1 | AY69: 0 | AZ69: 0 | BA69: 12 | BB69: 766 | BC69: 7.2 | BD69: 0 | BE69: 0 | BF69: 2 | BG69: 1
A70: 43502 | B70: NEC | C70: FB250 | E70: 4 | F70: 4.5333333 | G70: 0.26666667 | H70: 3.4666667 | I70: 0 | J70: 0 | K70: 0 | L70: 0 | M70: 0 | N70: 0 | O70: 0 | P70: 0 | Q70: 0 | R70: 0.26666667 | S70: 0 | T70: 0 | U70: 0 | V70: 0 | W70: 0 | X70: 0 | Y70: 0 | Z70: 0 | AA70: 0 | AB70: 0 | AC70: 0 | AD70: 0 | AE70: 0 | AF70: 0 | AG70: 0 | AH70: 0 | AI70: 0 | AJ70: 0 | AK70: 0 | AL70: 0 | AM70: 1.2 | AN70: 0 | AO70: 0 | AP70: =SUM(E70:AO70)-(J70+R70+T70+Z70) -> 13.466667 | AR70: 6-Feb-19 | AS70: 13:35 | AT70: NEC | AU70: 10 | AV70: YSI 2030 | AW70: 12.08 | AX70: 118.7 | AY70: 1.51 | AZ70: 0.8 | BA70: 14.2 | BB70: 765.4 | BC70: 7.49 | BD70: - | BE70: - | BF70: - | BG70: -
A71: 43502 | B71: NMC | C71: FB250 | E71: 1.3333333 | F71: 38.666667 | G71: 0.53333333 | H71: 0.66666667 | I71: 0 | J71: 0 | K71: 0 | L71: 0 | M71: 0 | N71: 0 | O71: 0 | P71: 0 | Q71: 0 | R71: 0.53333333 | S71: 0 | T71: 0 | U71: 0 | V71: 0 | W71: 0 | X71: 0 | Y71: 0 | Z71: 0 | AA71: 0 | AB71: 0 | AC71: 0 | AD71: 0 | AE71: 0 | AF71: 0 | AG71: 0 | AH71: 0 | AI71: 0 | AJ71: 0 | AK71: 0 | AL71: 0 | AM71: 0 | AN71: 0 | AO71: 0 | AP71: =SUM(E71:AO71)-(J71+R71+T71+Z71) -> 41.2 | AR71: 6-Feb-19 | AS71: 14:00 | AT71: NMC | AU71: 10 | AV71: YSI 2030 | AW71: 11.67 | AX71: 112.6 | AY71: 0 | AZ71: 0 | BA71: 13.3 | BB71: 765.3 | BC71: 7.32 | BD71: - | BE71: - | BF71: - | BG71: -
A72: 43502 | B72: NVBR | C72: FB250 | E72: 0.26666667 | F72: 0 | G72: 0 | H72: 0.8 | I72: 0 | J72: 0 | K72: 0 | L72: 0 | M72: 0 | N72: 0 | O72: 0 | P72: 0 | Q72: 0.13333333 | R72: 0 | S72: 0 | T72: 0 | U72: 0 | V72: 0 | W72: 0 | X72: 0 | Y72: 0 | Z72: 0 | AA72: 0 | AB72: 0 | AC72: 0 | AD72: 0 | AE72: 0 | AF72: 0 | AG72: 0 | AH72: 0 | AI72: 0 | AJ72: 0 | AK72: 0 | AL72: 0 | AM72: 0 | AN72: 0 | AO72: 0 | AP72: =SUM(E72:AO72)-(J72+R72+T72+Z72) -> 1.2 | AR72: 6-Feb-19 | AS72: 13:10 | AT72: NVBR | AU72: 10 | AV72: YSI 2030 | AW72: 13.05 | AX72: 130.4 | AY72: 0 | AZ72: 0 | BA72: 14.4 | BB72: 765.8 | BC72: 7.62 | BD72: - | BE72: - | BF72: - | BG72: -
A73: 43502 | B73: VBR1 | C73: FB250 | E73: 0.26666667 | F73: 0.53333333 | G73: 0 | H73: 0 | I73: 0 | J73: 0 | K73: 0 | L73: 0 | M73: 0 | N73: 0 | O73: 0 | P73: 0 | Q73: 0 | R73: 0 | S73: 0 | T73: 0 | U73: 0 | V73: 0 | W73: 0 | X73: 0 | Y73: 0 | Z73: 0 | AA73: 0 | AB73: 0 | AC73: 0 | AD73: 0 | AE73: 0 | AF73: 0 | AG73: 0 | AH73: 0 | AI73: 0 | AJ73: 0 | AK73: 0 | AL73: 0 | AM73: 0 | AN73: 0 | AO73: 0 | AP73: =SUM(E73:AO73)-(J73+R73+T73+Z73) -> 0.8 | AR73: 6-Feb-19 | AS73: 13:00 | AT73: VBR1 | AU73: 10 | AV73: YSI 2030 | AW73: 11.24 | AX73: 105 | AY73: 0.0975 | AZ73: 0 | BA73: 12.5 | BB73: 765.2 | BC73: 7.27 | BD73: - | BE73: - | BF73: - | BG73: -
A74: 43503 | B74: VNVP2 | C74: FB250 | E74: 30.533333 | F74: 1.7333333 | G74: 0 | H74: 377.86667 | I74: 0.13333333 | J74: 2.9333333 | K74: 0 | L74: 2.9333333 | M74: 0 | N74: 0 | O74: 0 | P74: 0 | Q74: 0 | R74: 0 | S74: 0 | T74: 0 | U74: 0 | V74: 0 | W74: 0 | X74: 0 | Y74: 0 | Z74: 0 | AA74: 0 | AB74: 0 | AC74: 0 | AD74: 0 | AE74: 0 | AF74: 0 | AG74: 0 | AH74: 0 | AI74: 0 | AJ74: 0 | AK74: 0 | AL74: 0 | AM74: 0.13333333 | AN74: 0 | AO74: 0 | AP74: =SUM(E74:AO74)-(J74+R74+T74+Z74) -> 413.33333 | AR74: 7-Feb-19 | AS74: 11:50 | AT74: NVP2 | AU74: 10 | AV74: YSI 2030 | AW74: 10.3 | AX74: 101 | AY74: 0.39 | AZ74: 0.2 | BA74: 15.3 | BB74: 768.7 | BC74: 7.6 | BD74: 1 | BE74: - | BF74: 32 | BG74: 0.5
A75: 43514 | B75: NDC | C75: FB250 | E75: 7.8666667 | F75: 3.3333333 | G75: 0 | H75: 32.133333 | I75: 0 | J75: 0.13333333 | K75: 0 | L75: 0 | M75: 0.13333333 | N75: 0 | O75: 0 | P75: 0 | Q75: 0 | R75: 0 | S75: 0 | T75: 0 | U75: 0 | V75: 0 | W75: 0 | X75: 0 | Y75: 0 | Z75: 0 | AA75: 0 | AB75: 0 | AC75: 0 | AD75: 0 | AE75: 0 | AF75: 0 | AG75: 0 | AH75: 0 | AI75: 0 | AJ75: 0 | AK75: 0 | AL75: 0 | AM75: 0.4 | AN75: 0 | AO75: 0 | AP75: =SUM(E75:AO75)-(J75+R75+T75+Z75) -> 43.866667 | AR75: 18-Feb-19 | AS75: 11:10 | AT75: NDC | AU75: 10 | AV75: YSI 2030 | AW75: 2.71 | AX75: 23.8 | AY75: 0.608 | AZ75: 0.3 | BA75: 10.1 | BB75: 764.5 | BC75: 7.69 | BD75: 1 | BE75: 0 | BF75: 3 | BG75: 0.2
A76: 43514 | B76: NPB | C76: FB250 | E76: 0.13333333 | F76: 0 | G76: 0 | H76: 0.13333333 | I76: 0 | J76: 0 | K76: 0 | L76: 0 | M76: 0 | N76: 0 | O76: 0 | P76: 0 | Q76: 0 | R76: 0 | S76: 0 | T76: 0 | U76: 0 | V76: 0 | W76: 0 | X76: 0 | Y76: 0 | Z76: 0.13333333 | AA76: 0 | AB76: 0 | AC76: 0 | AD76: 0 | AE76: 0 | AF76: 0 | AG76: 0.13333333 | AH76: 0 | AI76: 0 | AJ76: 0 | AK76: 0 | AL76: 0 | AM76: 0 | AN76: 0 | AO76: 0 | AP76: =SUM(E76:AO76)-(J76+R76+T76+Z76) -> 0.4 | AR76: 18-Feb-19 | AS76: 10:35 | AT76: NPB | AU76: 10 | AV76: YSI 2030 | AW76: 11.27 | AX76: 103.6 | AY76: 2.98 | AZ76: 1.6 | BA76: 11.3 | BB76: 765 | BC76: 7.2 | BD76: 0 | BE76: 0 | BF76: 2 | BG76: 0.25
A77: 43535 | B77: CUL1 | C77: FB250 | E77: 37.466667 | F77: 1.4666667 | G77: 0 | H77: 47.2 | I77: 0 | J77: 0 | K77: 0 | L77: 0 | M77: 0 | N77: 0 | O77: 0 | P77: 0 | Q77: 0 | R77: 0 | S77: 0 | T77: 0 | U77: 0 | V77: 0 | W77: 0 | X77: 0 | Y77: 0 | Z77: 0 | AA77: 0 | AB77: 0 | AC77: 0 | AD77: 0 | AE77: 0 | AF77: 0 | AG77: 0 | AH77: 0 | AI77: 0 | AJ77: 0 | AK77: 0 | AL77: 0 | AM77: 0 | AN77: 0 | AO77: 0 | AP77: =SUM(E77:AO77)-(J77+R77+T77+Z77) -> 86.133333 | AR77: 43535 | AS77: 0.64236111 | AT77: CUL1 | AU77: 10 | AV77: YSI 2030 | AW77: 6.71 | AX77: 72.6 | AY77: 8.93 | AZ77: 5 | BA77: 17.7 | BB77: 759.5 | BC77: 6.9 | BD77: 0 | BE77: 0 | BF77: 1 | BG77: 0.1
A78: 43535 | B78: MO1 | C78: FB250 | E78: 0.53333333 | F78: 391.06667 | G78: 1.4666667 | H78: 0.8 | I78: 0 | J78: 0 | K78: 0 | L78: 0 | M78: 0 | N78: 0 | O78: 0 | P78: 0 | Q78: 0 | R78: 1.4666667 | S78: 0 | T78: 8.4 | U78: 0 | V78: 7.8666667 | W78: 0.53333333 | X78: 0 | Y78: 0 | Z78: 0 | AA78: 0 | AB78: 0 | AC78: 0 | AD78: 0 | AE78: 0 | AF78: 0 | AG78: 0 | AH78: 0 | AI78: 0 | AJ78: 0 | AK78: 0 | AL78: 0 | AM78: 0 | AN78: 0 | AO78: 0 | AP78: =SUM(E78:AO78)-(J78+R78+T78+Z78) -> 402.26667 | AR78: 43535 | AS78: 0.59027778 | AT78: MO1 | AU78: 10 | AV78: YSI 2030 | AW78: 13.57 | AX78: 128.3 | AY78: 0.0003 | AZ78: 0 | BA78: 20.4 | BB78: 759.2 | BC78: 7.5 | BD78: 0 | BE78: 0 | BF78: 7 | BG78: 0.1
A79: 43535 | B79: NVBR | C79: FB250 | E79: 2.1333333 | F79: 0.4 | G79: 6.8 | H79: 3.7333333 | I79: 0 | J79: 0 | K79: 0 | L79: 0 | M79: 0 | N79: 0 | O79: 0 | P79: 0 | Q79: 0 | R79: 6.8 | S79: 0 | T79: 0 | U79: 0 | V79: 0 | W79: 0 | X79: 0 | Y79: 0 | Z79: 0 | AA79: 0 | AB79: 0 | AC79: 0 | AD79: 0 | AE79: 0 | AF79: 0 | AG79: 0 | AH79: 0 | AI79: 0 | AJ79: 0 | AK79: 0 | AL79: 0 | AM79: 0 | AN79: 0 | AO79: 0 | AP79: =SUM(E79:AO79)-(J79+R79+T79+Z79) -> 13.066667 | AR79: 43535 | AS79: 0.66666667 | AT79: NVBR1 | AU79: 10 | AV79: YSI 2030 | AW79: 14.33 | AX79: 154.2 | AY79: 2.87 | AZ79: 1.5 | BA79: 18.4 | BB79: 760.1 | BC79: 7.9 | BD79: 0 | BE79: 0 | BF79: 3 | BG79: 0.1
A80: 43535 | B80: VBR1 | C80: FB250 | E80: 0.4 | F80: 0.26666667 | G80: 1.0666667 | H80: 3.0666667 | I80: 0.26666667 | J80: 0 | K80: 0 | L80: 0 | M80: 0 | N80: 0 | O80: 0 | P80: 0 | Q80: 0 | R80: 1.0666667 | S80: 0 | T80: 0.13333333 | U80: 0 | V80: 0 | W80: 0.13333333 | X80: 0 | Y80: 0 | Z80: 0 | AA80: 0 | AB80: 0 | AC80: 0 | AD80: 0 | AE80: 0 | AF80: 0 | AG80: 0 | AH80: 0 | AI80: 0 | AJ80: 0 | AK80: 0 | AL80: 0 | AM80: 0 | AN80: 0 | AO80: 0 | AP80: =SUM(E80:AO80)-(J80+R80+T80+Z80) -> 5.2 | AR80: 43535 | AS80: 0.65972222 | AT80: VBR1 | AU80: 10 | AV80: YSI 2030 | AW80: 13.62 | AX80: 146.5 | AY80: 2.566 | AZ80: 1.3 | BA80: 18.5 | BB80: 760.2 | BC80: 7.81 | BD80: 0 | BE80: 0 | BF80: 3 | BG80: 0.1
A81: 43537 | B81: DSP | C81: FB250 | E81: 338.53333 | F81: 33.733333 | G81: 0.13333333 | H81: 223.06667 | I81: 0 | J81: 0 | K81: 0 | L81: 0 | M81: 0 | N81: 0 | O81: 0 | P81: 0 | Q81: 0 | R81: 0.13333333 | S81: 0 | T81: 0 | U81: 0 | V81: 0 | W81: 0 | X81: 0 | Y81: 0 | Z81: 0.53333333 | AA81: 0 | AB81: 0.53333333 | AC81: 0 | AD81: 0 | AE81: 0 | AF81: 0 | AG81: 0 | AH81: 0 | AI81: 0 | AJ81: 0 | AK81: 0.53333333 | AL81: 0 | AM81: 0.53333333 | AN81: 0 | AO81: 0 | AP81: =SUM(E81:AO81)-(J81+R81+T81+Z81) -> 597.06667 | AR81: 43537 | AS81: 0.47916667 | AT81: DSP | AU81: 10 | AV81: YSI 2030 | AW81: 4.3 | AX81: 44.1 | AY81: 0.813 | AZ81: 0.4 | BA81: 16.7 | BB81: 754 | BC81: 6.7 | BD81: - | BE81: - | BF81: 2 | BG81: 0.3
A82: 43537 | B82: NMC | C82: FB250 | E82: 1.7333333 | F82: 2 | G82: 0 | H82: 10.666667 | I82: 0 | J82: 0 | K82: 0 | L82: 0 | M82: 0 | N82: 0 | O82: 0 | P82: 0 | Q82: 0 | R82: 0 | S82: 0 | T82: 0 | U82: 0 | V82: 0 | W82: 0 | X82: 0 | Y82: 0 | Z82: 0 | AA82: 0 | AB82: 0 | AC82: 0 | AD82: 0 | AE82: 0 | AF82: 0 | AG82: 0 | AH82: 0 | AI82: 0 | AJ82: 0 | AK82: 0 | AL82: 0 | AM82: 0 | AN82: 0 | AO82: 0 | AP82: =SUM(E82:AO82)-(J82+R82+T82+Z82) -> 14.4 | AR82: 43537 | AS82: 0.55208333 | AT82: NMC | AU82: 10 | AV82: YSI 2030 | AW82: 12.1 | AX82: 124.2 | AY82: 1.97 | AZ82: 1 | BA82: 16.2 | BB82: 763.6 | BC82: 7.54 | BD82: - | BE82: - | BF82: - | BG82: -
A83: 43537 | B83: NPB | C83: FB250 | E83: 1.2 | F83: 0 | G83: 0 | H83: 2.6666667 | I83: 0 | J83: 0.26666667 | K83: 0 | L83: 0.26666667 | M83: 0 | N83: 0 | O83: 0 | P83: 0 | Q83: 0 | R83: 0 | S83: 0 | T83: 0 | U83: 0 | V83: 0 | W83: 0 | X83: 0 | Y83: 0 | Z83: 0 | AA83: 0 | AB83: 0 | AC83: 0 | AD83: 0 | AE83: 0 | AF83: 0 | AG83: 0 | AH83: 0 | AI83: 0 | AJ83: 0 | AK83: 0 | AL83: 0 | AM83: 0 | AN83: 0 | AO83: 0 | AP83: =SUM(E83:AO83)-(J83+R83+T83+Z83) -> 4.1333333 | AR83: 43537 | AS83: 0.56597222 | AT83: NPB | AU83: 10 | AV83: YSI 2030 | AW83: 15.63 | AX83: 164.8 | AY83: 1.81 | AZ83: 1.3 | BA83: 17.8 | BB83: 763.3 | BC83: 7.52 | BD83: - | BE83: - | BF83: - | BG83: -
A84: 43537 | B84: NWP | C84: FB250 | E84: 226.66667 | F84: 0.4 | G84: 0 | H84: 112 | I84: 0 | J84: 0 | K84: 0 | L84: 0 | M84: 0 | N84: 0 | O84: 0 | P84: 0 | Q84: 0 | R84: 0 | S84: 0 | T84: 0 | U84: 0 | V84: 0 | W84: 0 | X84: 0 | Y84: 0 | Z84: 0 | AA84: 0 | AB84: 0 | AC84: 0 | AD84: 0 | AE84: 0 | AF84: 0 | AG84: 0 | AH84: 0 | AI84: 0 | AJ84: 0 | AK84: 0.13333333 | AL84: 0 | AM84: 0 | AN84: 0.4 | AO84: 0 | AP84: =SUM(E84:AO84)-(J84+R84+T84+Z84) -> 339.6 | AR84: 43537 | AS84: 0.57638889 | AT84: NWP | AU84: 10 | AV84: YSI 2030 | AW84: 5.81 | AX84: 61.9 | AY84: 0.0189 | AZ84: 0 | BA84: 16.9 | BB84: 762.4 | BC84: 6.61 | BD84: - | BE84: - | BF84: - | BG84: -
A85: 43539 | B85: NEC | C85: FB250 | E85: 24 | F85: 0.13333333 | G85: 30.266667 | H85: 250.53333 | I85: 0 | J85: 1.6 | K85: 0 | L85: 1.0666667 | M85: 0.53333333 | N85: 0 | O85: 0 | P85: 0 | Q85: 0 | R85: 30.266667 | S85: 0 | T85: 0 | U85: 0 | V85: 0 | W85: 0 | X85: 0 | Y85: 0 | Z85: 0 | AA85: 0 | AB85: 0 | AC85: 0 | AD85: 0 | AE85: 0 | AF85: 0 | AG85: 0 | AH85: 0 | AI85: 0 | AJ85: 0 | AK85: 0 | AL85: 0 | AM85: 0 | AN85: 0 | AO85: 0 | AP85: =SUM(E85:AO85)-(J85+R85+T85+Z85) -> 306.53333 | AR85: 43539 | AS85: 0.63194444 | AT85: NEC | AU85: 10 | AV85: YSI 2030 | AW85: 10.78 | AX85: 123.3 | AY85: 3.211 | AZ85: 1.7 | BA85: 21 | BB85: 763.8 | BC85: 7.81 | BD85: 0 | BE85: 0 | BF85: - | BG85: -
A86: 43564 | B86: NPB | C86: FB250 | E86: 1.6 | F86: 53.333333 | G86: 0.8 | H86: 0 | I86: 0 | J86: 0 | K86: 0 | L86: 0 | M86: 0 | N86: 0 | O86: 0 | P86: 0 | Q86: 0 | R86: 0.8 | S86: 0 | T86: 0 | U86: 0 | V86: 0 | W86: 0 | X86: 0 | Y86: 0 | Z86: 0 | AA86: 0 | AB86: 0 | AC86: 0 | AD86: 0 | AE86: 0 | AF86: 0 | AG86: 0 | AH86: 0 | AI86: 0 | AJ86: 0 | AK86: 0 | AL86: 0 | AM86: 0 | AN86: 0 | AO86: 0 | AP86: =SUM(E86:AO86)-(J86+R86+T86+Z86) -> 55.733333 | AR86: 43564 | AS86: 0.4375 | AT86: NPB | AU86: 10 | AV86: YSI 2030 | AW86: 10.65 | AX86: 130.7 | AY86: 23.13 | AZ86: 14 | BA86: 21.4 | BB86: 762.6 | BC86: 7.65 | BD86: 0 | BE86: 0 | BF86: - | BG86: -
A87: 43564 | B87: NWP | C87: FB250 | E87: 402.4 | F87: 134.4 | G87: 0.26666667 | H87: 850.26667 | I87: 0 | J87: 0 | K87: 0 | L87: 0 | M87: 0 | N87: 0 | O87: 0 | P87: 0 | Q87: 0.26666667 | R87: 0.26666667 | S87: 0 | T87: 0 | U87: 0 | V87: 0 | W87: 0 | X87: 0 | Y87: 0 | Z87: 1.3333333 | AA87: 0 | AB87: 1.3333333 | AC87: 0 | AD87: 0 | AE87: 0 | AF87: 0 | AG87: 0 | AH87: 0 | AI87: 0 | AJ87: 0 | AK87: 0 | AL87: 0 | AM87: 3.6 | AN87: 3.7333333 | AO87: 0 | AP87: =SUM(E87:AO87)-(J87+R87+T87+Z87) -> 1396.2667 | AR87: 43564 | AS87: 0.44791667 | AT87: NWP | AU87: 10 | AV87: YSI 2030 | AW87: 9.2 | AX87: 102 | AY87: 1.81 | AZ87: 0.9 | BA87: 20.4 | BB87: 762.5 | BC87: 6.5 | BD87: 0 | BE87: 0 | BF87: 3 | BG87: 0.61
A88: 43565 | B88: NEC | C88: FB250 | E88: 0.93333333 | F88: 22.666667 | G88: 0.66666667 | H88: 0 | I88: 0.26666667 | J88: 0 | K88: 0 | L88: 0 | M88: 0 | N88: 0 | O88: 0 | P88: 0 | Q88: 0 | R88: 0.66666667 | S88: 0 | T88: 0 | U88: 0 | V88: 0 | W88: 0 | X88: 0 | Y88: 0 | Z88: 0 | AA88: 0 | AB88: 0 | AC88: 0 | AD88: 0 | AE88: 0 | AF88: 0 | AG88: 0 | AH88: 0 | AI88: 0 | AJ88: 0 | AK88: 0 | AL88: 0 | AM88: 0 | AN88: 0 | AO88: 0 | AP88: =SUM(E88:AO88)-(J88+R88+T88+Z88) -> 24.533333 | AR88: 43565 | AS88: 0.75347222 | AT88: NEC | AU88: 10 | AV88: YSI 2030 | AW88: 10.4 | AX88: 134 | AY88: 43.03 | AZ88: 27.8 | BA88: 22.3 | BB88: 763.3 | BC88: 7.82 | BD88: - | BE88: - | BF88: - | BG88: -
A89: 43565 | B89: NMC | C89: FB250 | E89: 0.4 | F89: 2 | G89: 0.8 | H89: 0 | I89: 0 | J89: 0 | K89: 0 | L89: 0 | M89: 0 | N89: 0 | O89: 0 | P89: 0 | Q89: 0 | R89: 0.8 | S89: 0 | T89: 0 | U89: 0 | V89: 0 | W89: 0 | X89: 0 | Y89: 0 | Z89: 0 | AA89: 0 | AB89: 0 | AC89: 0 | AD89: 0 | AE89: 0 | AF89: 0 | AG89: 0 | AH89: 0 | AI89: 0 | AJ89: 0 | AK89: 0 | AL89: 0 | AM89: 0 | AN89: 0 | AO89: 0 | AP89: =SUM(E89:AO89)-(J89+R89+T89+Z89) -> 3.2 | AR89: 43565 | AS89: - | AT89: NMC | AU89: 10 | AV89: YSI 2030 | AW89: 11.6 | AX89: 154 | AY89: 42.35 | AZ89: 26.7 | BA89: 21.3 | BB89: 763.3 | BC89: 7.77 | BD89: - | BE89: - | BF89: - | BG89: -
A90: 43566 | B90: CUL1 | C90: FB250 | E90: 0.4 | F90: 21.466667 | G90: 8.9333333 | H90: 0 | I90: 0.4 | J90: 0.13333333 | K90: 0 | L90: 0.13333333 | M90: 0 | N90: 0 | O90: 0 | P90: 0 | Q90: 0 | R90: 8.9333333 | S90: 0 | T90: 0 | U90: 0 | V90: 0 | W90: 0 | X90: 0 | Y90: 0 | Z90: 0 | AA90: 0 | AB90: 0 | AC90: 0 | AD90: 0 | AE90: 0 | AF90: 0 | AG90: 0 | AH90: 0 | AI90: 0 | AJ90: 0 | AK90: 0 | AL90: 0 | AM90: 0 | AN90: 0 | AO90: 0 | AP90: =SUM(E90:AO90)-(J90+R90+T90+Z90) -> 31.333333 | AR90: 43566 | AS90: - | AT90: CUL1 | AU90: 10 | AV90: YSI 2030 | AW90: 11.2 | AX90: 150 | AY90: 57.8 | AZ90: 38.6 | BA90: 18.6 | BB90: 763.2 | BC90: 7.92 | BD90: - | BE90: - | BF90: - | BG90: -
